submission_date,state,tot_cases,conf_cases,prob_cases,new_case,pnew_case,tot_death,conf_death,prob_death,new_death,pnew_death,created_at,consent_cases,consent_deaths,inedx
01/22/2020,OR,0,,,0,,0,,,0,,03/26/2020 04:22:39 PM,Agree,Agree,1
01/23/2020,OR,0,,,0,,0,,,0,,03/26/2020 04:22:39 PM,Agree,Agree,2
01/24/2020,OR,0,,,0,,0,,,0,,03/26/2020 04:22:39 PM,Agree,Agree,3
01/25/2020,OR,0,,,0,,0,,,0,,03/26/2020 04:22:39 PM,Agree,Agree,4
01/26/2020,OR,0,,,0,,0,,,0,,03/26/2020 04:22:39 PM,Agree,Agree,5
01/27/2020,OR,0,,,0,,0,,,0,,03/26/2020 04:22:39 PM,Agree,Agree,6
01/28/2020,OR,0,,,0,,0,,,0,,03/26/2020 04:22:39 PM,Agree,Agree,7
01/29/2020,OR,0,,,0,,0,,,0,,03/26/2020 04:22:39 PM,Agree,Agree,8
01/30/2020,OR,0,,,0,,0,,,0,,03/26/2020 04:22:39 PM,Agree,Agree,9
01/31/2020,OR,0,,,0,,0,,,0,,03/26/2020 04:22:39 PM,Agree,Agree,10
02/01/2020,OR,0,,,0,,0,,,0,,03/26/2020 04:22:39 PM,Agree,Agree,11
02/02/2020,OR,0,,,0,,0,,,0,,03/26/2020 04:22:39 PM,Agree,Agree,12
02/03/2020,OR,0,,,0,,0,,,0,,03/26/2020 04:22:39 PM,Agree,Agree,13
02/04/2020,OR,0,,,0,,0,,,0,,03/26/2020 04:22:39 PM,Agree,Agree,14
02/05/2020,OR,0,,,0,,0,,,0,,03/26/2020 04:22:39 PM,Agree,Agree,15
02/06/2020,OR,0,,,0,,0,,,0,,03/26/2020 04:22:39 PM,Agree,Agree,16
02/07/2020,OR,0,,,0,,0,,,0,,03/26/2020 04:22:39 PM,Agree,Agree,17
02/08/2020,OR,0,,,0,,0,,,0,,03/26/2020 04:22:39 PM,Agree,Agree,18
02/09/2020,OR,0,,,0,,0,,,0,,03/26/2020 04:22:39 PM,Agree,Agree,19
02/10/2020,OR,0,,,0,,0,,,0,,03/26/2020 04:22:39 PM,Agree,Agree,20
02/11/2020,OR,0,,,0,,0,,,0,,03/26/2020 04:22:39 PM,Agree,Agree,21
02/12/2020,OR,0,,,0,,0,,,0,,03/26/2020 04:22:39 PM,Agree,Agree,22
02/13/2020,OR,0,,,0,,0,,,0,,03/26/2020 04:22:39 PM,Agree,Agree,23
02/14/2020,OR,0,,,0,,0,,,0,,03/26/2020 04:22:39 PM,Agree,Agree,24
02/15/2020,OR,0,,,0,,0,,,0,,03/26/2020 04:22:39 PM,Agree,Agree,25
02/16/2020,OR,0,,,0,,0,,,0,,03/26/2020 04:22:39 PM,Agree,Agree,26
02/17/2020,OR,0,,,0,,0,,,0,,03/26/2020 04:22:39 PM,Agree,Agree,27
02/18/2020,OR,0,,,0,,0,,,0,,03/26/2020 04:22:39 PM,Agree,Agree,28
02/19/2020,OR,0,,,0,,0,,,0,,03/26/2020 04:22:39 PM,Agree,Agree,29
02/20/2020,OR,0,,,0,,0,,,0,,03/26/2020 04:22:39 PM,Agree,Agree,30
02/21/2020,OR,0,,,0,,0,,,0,,03/26/2020 04:22:39 PM,Agree,Agree,31
02/22/2020,OR,0,,,0,,0,,,0,,03/26/2020 04:22:39 PM,Agree,Agree,32
02/23/2020,OR,0,,,0,,0,,,0,,03/26/2020 04:22:39 PM,Agree,Agree,33
02/24/2020,OR,0,,,0,,0,,,0,,03/26/2020 04:22:39 PM,Agree,Agree,34
02/25/2020,OR,0,,,0,,0,,,0,,03/26/2020 04:22:39 PM,Agree,Agree,35
02/26/2020,OR,0,,,0,,0,,,0,,03/26/2020 04:22:39 PM,Agree,Agree,36
02/27/2020,OR,0,,,0,,0,,,0,,03/26/2020 04:22:39 PM,Agree,Agree,37
02/28/2020,OR,0,,,0,,0,,,0,,03/26/2020 04:22:39 PM,Agree,Agree,38
02/29/2020,OR,1,,,1,,0,,,0,,03/26/2020 04:22:39 PM,Agree,Agree,39
03/01/2020,OR,1,,,0,,0,,,0,,03/26/2020 04:22:39 PM,Agree,Agree,40
03/02/2020,OR,3,,,2,,0,,,0,,03/26/2020 04:22:39 PM,Agree,Agree,41
03/03/2020,OR,3,,,0,,0,,,0,,03/26/2020 04:22:39 PM,Agree,Agree,42
03/04/2020,OR,3,,,0,,0,,,0,,03/26/2020 04:22:39 PM,Agree,Agree,43
03/05/2020,OR,3,,,0,,0,,,0,,03/26/2020 04:22:39 PM,Agree,Agree,44
03/06/2020,OR,3,,,0,,0,,,0,,03/26/2020 04:22:39 PM,Agree,Agree,45
03/07/2020,OR,7,,,4,,0,,,0,,03/26/2020 04:22:39 PM,Agree,Agree,46
03/08/2020,OR,14,,,7,,0,,,0,,03/26/2020 04:22:39 PM,Agree,Agree,47
03/09/2020,OR,14,,,0,,0,,,0,,03/26/2020 04:22:39 PM,Agree,Agree,48
03/10/2020,OR,15,,,1,,0,,,0,,03/26/2020 04:22:39 PM,Agree,Agree,49
03/11/2020,OR,19,,,4,,0,,,0,,03/26/2020 04:22:39 PM,Agree,Agree,50
03/12/2020,OR,24,,,5,,0,,,0,,03/26/2020 04:22:39 PM,Agree,Agree,51
03/13/2020,OR,24,,,0,,0,,,0,,03/26/2020 04:22:39 PM,Agree,Agree,52
03/14/2020,OR,24,,,0,,0,,,0,,03/26/2020 04:22:39 PM,Agree,Agree,53
03/15/2020,OR,39,,,15,,1,,,1,,03/26/2020 04:22:39 PM,Agree,Agree,54
03/16/2020,OR,47,,,8,,1,,,0,,03/26/2020 04:22:39 PM,Agree,Agree,55
03/17/2020,OR,65,,,18,,1,,,0,,03/26/2020 04:22:39 PM,Agree,Agree,56
03/18/2020,OR,75,,,10,,3,,,2,,03/26/2020 04:22:39 PM,Agree,Agree,57
03/19/2020,OR,88,,,13,,3,,,0,,03/26/2020 04:22:39 PM,Agree,Agree,58
03/20/2020,OR,114,,,26,,3,,,0,,03/26/2020 04:22:39 PM,Agree,Agree,59
03/21/2020,OR,137,,,23,,4,,,1,,03/26/2020 04:22:39 PM,Agree,Agree,60
03/22/2020,OR,161,,,24,,5,,,1,,03/26/2020 04:22:39 PM,Agree,Agree,61
03/23/2020,OR,191,,,30,,5,,,0,,03/26/2020 04:22:39 PM,Agree,Agree,62
03/24/2020,OR,209,,,18,,8,,,3,,03/26/2020 04:22:39 PM,Agree,Agree,63
03/25/2020,OR,266,,,57,,10,,,2,,03/26/2020 04:22:39 PM,Agree,Agree,64
03/26/2020,OR,316,,,50,,11,,,1,,03/26/2020 04:22:39 PM,Agree,Agree,65
03/27/2020,OR,414,,,98,,12,,,1,,03/26/2020 04:22:39 PM,Agree,Agree,66
03/28/2020,OR,479,,,65,,13,,,1,,03/28/2020 04:22:39 PM,Agree,Agree,67
03/29/2020,OR,548,,,69,,13,,,0,,03/28/2020 04:22:39 PM,Agree,Agree,68
03/30/2020,OR,606,,,58,,16,,,3,,03/29/2020 04:22:39 PM,Agree,Agree,69
03/31/2020,OR,690,,,84,,18,,,2,,03/30/2020 04:22:39 PM,Agree,Agree,70
04/01/2020,OR,736,,,46,,18,,,0,,03/31/2020 04:22:39 PM,Agree,Agree,71
04/02/2020,OR,826,,,90,,21,,,3,,04/01/2020 04:22:39 PM,Agree,Agree,72
04/03/2020,OR,899,,,73,,22,,,1,,04/03/2020 04:22:39 PM,Agree,Agree,73
04/04/2020,OR,999,,,100,,26,,,4,,04/03/2020 04:22:39 PM,Agree,Agree,74
04/05/2020,OR,1068,,,69,,27,,,1,,04/04/2020 04:22:39 PM,Agree,Agree,75
04/06/2020,OR,1132,,,64,,29,,,2,,04/05/2020 04:22:39 PM,Agree,Agree,76
04/07/2020,OR,1181,,,49,,33,,,4,,04/07/2020 04:22:39 PM,Agree,Agree,77
04/08/2020,OR,1239,,,58,,38,,,5,,04/07/2020 04:22:39 PM,Agree,Agree,78
04/09/2020,OR,1321,,,82,,44,,,6,,04/08/2020 04:22:39 PM,Agree,Agree,79
04/10/2020,OR,1371,,,50,,48,,,4,,04/09/2020 04:22:39 PM,Agree,Agree,80
04/11/2020,OR,1447,,,76,,51,,,3,,04/10/2020 04:22:39 PM,Agree,Agree,81
04/12/2020,OR,1527,,,80,,52,,,1,,04/11/2020 04:22:39 PM,Agree,Agree,82
04/13/2020,OR,1584,,,57,,53,,,1,,04/12/2020 04:22:39 PM,Agree,Agree,83
04/14/2020,OR,1633,,,49,,55,,,2,,04/13/2020 04:22:39 PM,Agree,Agree,84
04/15/2020,OR,1663,,,30,,58,,,3,,04/15/2020 04:22:39 PM,Agree,Agree,85
04/16/2020,OR,1736,,,73,,64,,,6,,04/16/2020 04:22:39 PM,Agree,Agree,86
04/17/2020,OR,1785,,,49,,70,,,6,,04/17/2020 04:22:39 PM,Agree,Agree,87
04/18/2020,OR,1844,,,59,,72,,,2,,04/18/2020 04:22:39 PM,Agree,Agree,88
04/19/2020,OR,1910,1910,0,66,0,74,74,0,2,0,04/19/2020 04:22:39 PM,Agree,Agree,89
04/20/2020,OR,1956,1956,0,46,0,75,75,0,1,0,04/20/2020 04:22:39 PM,Agree,Agree,90
04/21/2020,OR,2002,2002,0,46,0,78,78,0,3,0,04/21/2020 04:22:39 PM,Agree,Agree,91
04/22/2020,OR,2059,2059,0,57,0,78,78,0,0,0,04/22/2020 04:22:39 PM,Agree,Agree,92
04/23/2020,OR,2127,2127,0,68,0,83,83,0,5,0,05/25/2020 03:38:40 PM,Agree,Agree,93
04/24/2020,OR,2177,2177,0,50,0,86,86,0,3,0,05/25/2020 03:38:40 PM,Agree,Agree,94
04/25/2020,OR,2253,2253,0,76,0,87,87,0,1,0,05/25/2020 03:38:40 PM,Agree,Agree,95
04/26/2020,OR,2311,2311,0,58,0,91,91,0,4,0,05/25/2020 03:38:40 PM,Agree,Agree,96
04/27/2020,OR,2354,2354,0,43,0,92,92,0,1,0,05/25/2020 03:38:40 PM,Agree,Agree,97
04/28/2020,OR,2385,2385,0,31,0,99,99,0,7,0,04/29/2020 06:12:08 PM,Agree,Agree,98
04/29/2020,OR,2446,2446,0,61,0,101,101,0,2,0,04/30/2020 04:07:01 PM,Agree,Agree,99
04/30/2020,OR,2510,2510,0,64,0,103,103,0,2,0,05/01/2020 09:00:19 PM,Agree,Agree,100
05/01/2020,OR,2579,2579,0,69,0,104,104,0,1,0,05/02/2020 03:47:19 PM,Agree,Agree,101
05/02/2020,OR,2635,2635,0,56,0,109,109,0,5,0,05/03/2020 03:36:03 PM,Agree,Agree,102
05/03/2020,OR,2680,2680,0,45,0,109,109,0,0,0,05/04/2020 10:49:24 PM,Agree,Agree,103
05/04/2020,OR,2759,2745,14,79,14,109,109,0,0,0,05/05/2020 05:25:08 PM,Agree,Agree,104
05/05/2020,OR,2839,2817,22,80,8,113,113,0,4,0,05/06/2020 04:23:08 PM,Agree,Agree,105
05/06/2020,OR,2916,2916,0,77,-22,115,115,0,2,0,05/07/2020 10:59:02 PM,Agree,Agree,106
05/07/2020,OR,2989,2957,32,73,32,121,121,0,6,0,05/08/2020 09:26:08 PM,Agree,Agree,107
05/08/2020,OR,3068,3032,36,79,4,124,124,0,3,0,05/09/2020 09:26:08 PM,Agree,Agree,108
05/09/2020,OR,3160,3160,0,92,-36,127,127,0,3,0,05/10/2020 09:26:08 PM,Agree,Agree,109
05/10/2020,OR,3228,3171,57,68,57,127,127,0,0,0,05/11/2020 09:26:08 PM,Agree,Agree,110
05/11/2020,OR,3286,3222,64,58,7,130,130,0,3,0,05/12/2020 05:26:08 PM,Agree,Agree,111
05/12/2020,OR,3358,3283,75,72,11,130,130,0,0,0,05/13/2020 03:26:08 PM,Agree,Agree,112
05/13/2020,OR,3416,3416,0,58,-75,134,134,0,4,0,05/14/2020 05:25:44 PM,Agree,Agree,113
05/14/2020,OR,3479,3407,72,63,72,137,137,0,3,0,05/15/2020 04:11:22 PM,Agree,Agree,114
05/15/2020,OR,3541,3470,71,62,-1,137,137,0,0,0,05/16/2020 03:46:44 PM,Agree,Agree,115
05/16/2020,OR,3612,3612,0,71,-71,137,137,0,0,0,05/17/2020 03:27:46 PM,Agree,Agree,116
05/17/2020,OR,3623,3542,81,11,81,137,137,0,0,0,05/18/2020 04:01:54 PM,Agree,Agree,117
05/18/2020,OR,3687,3604,83,64,2,138,138,0,1,0,05/19/2020 03:45:23 PM,Agree,Agree,118
05/19/2020,OR,3726,3636,90,39,7,140,140,0,2,0,05/20/2020 03:28:26 PM,Agree,Agree,119
05/20/2020,OR,3801,3701,100,75,10,144,144,0,4,0,05/21/2020 03:41:38 PM,Agree,Agree,120
05/21/2020,OR,3817,3725,92,16,-8,145,145,0,1,0,05/22/2020 03:31:45 PM,Agree,Agree,121
05/22/2020,OR,3864,3770,94,47,2,147,147,0,2,0,05/23/2020 05:58:16 PM,Agree,Agree,122
05/23/2020,OR,3888,3799,89,24,-5,147,147,0,0,0,05/24/2020 02:15:55 PM,Agree,Agree,123
05/24/2020,OR,3927,3842,85,39,-4,148,148,0,1,0,05/25/2020 02:12:49 PM,Agree,Agree,124
05/25/2020,OR,3949,3861,88,22,3,148,148,0,0,0,05/26/2020 02:23:02 PM,Agree,Agree,125
05/26/2020,OR,3967,3879,88,18,0,148,148,0,0,0,05/27/2020 03:37:59 PM,Agree,Agree,126
05/27/2020,OR,4038,3947,91,71,3,148,148,0,0,0,05/28/2020 03:12:25 PM,Agree,Agree,127
05/28/2020,OR,4086,3994,92,48,1,151,151,0,3,0,05/29/2020 02:19:55 PM,Agree,Agree,128
05/29/2020,OR,4131,4029,102,45,10,151,151,0,0,0,05/30/2020 03:47:59 PM,Agree,Agree,129
05/30/2020,OR,4185,4083,102,54,0,153,153,0,2,0,05/31/2020 02:43:17 PM,Agree,Agree,130
05/31/2020,OR,4243,4135,108,58,6,153,153,0,0,0,06/01/2020 02:17:42 PM,Agree,Agree,131
06/01/2020,OR,4302,4192,110,59,2,154,154,0,1,0,06/02/2020 02:16:17 PM,Agree,Agree,132
06/02/2020,OR,4335,4220,115,33,5,157,157,0,3,0,06/03/2020 02:11:36 PM,Agree,Agree,133
06/03/2020,OR,4399,4280,119,64,4,159,159,0,2,0,06/04/2020 03:03:31 PM,Agree,Agree,134
06/04/2020,OR,4474,4350,124,75,5,159,159,0,0,0,06/05/2020 03:17:07 PM,Agree,Agree,135
06/05/2020,OR,4570,4442,128,96,4,161,161,0,2,0,06/06/2020 02:31:37 PM,Agree,Agree,136
06/06/2020,OR,4662,4528,134,92,6,163,163,0,2,0,06/07/2020 02:23:35 PM,Agree,Agree,137
06/07/2020,OR,4808,4667,141,146,7,164,164,0,1,0,06/08/2020 02:55:08 PM,Agree,Agree,138
06/08/2020,OR,4922,4922,0,114,-141,164,164,0,0,0,06/09/2020 04:49:08 PM,Agree,Agree,139
06/09/2020,OR,4988,4841,147,66,147,169,168,1,5,1,06/10/2020 08:56:25 PM,Agree,Agree,140
06/10/2020,OR,5060,4907,153,72,6,169,168,1,0,0,06/11/2020 02:48:51 PM,Agree,Agree,141
06/11/2020,OR,5237,5076,161,177,8,171,170,1,2,0,06/12/2020 02:17:59 PM,Agree,Agree,142
06/12/2020,OR,5377,5207,170,140,9,173,172,1,2,0,06/13/2020 05:46:26 PM,Agree,Agree,143
06/13/2020,OR,5535,5355,180,158,10,174,173,1,1,0,06/14/2020 02:19:43 PM,Agree,Agree,144
06/14/2020,OR,5636,5452,184,101,4,176,175,1,2,0,06/15/2020 02:33:03 PM,Agree,Agree,145
06/15/2020,OR,5820,5625,195,184,11,180,179,1,4,0,06/16/2020 02:10:11 PM,Agree,Agree,146
06/16/2020,OR,6098,6098,0,278,-195,182,182,0,2,-1,06/17/2020 03:06:04 PM,Agree,Agree,147
06/17/2020,OR,6218,6007,211,120,211,183,182,1,1,1,06/18/2020 05:16:14 PM,Agree,Agree,148
06/18/2020,OR,6366,6366,0,148,-211,187,187,0,4,-1,06/19/2020 03:01:11 PM,Agree,Agree,149
06/19/2020,OR,6572,6572,0,206,0,188,188,0,1,0,06/20/2020 02:15:45 PM,Agree,Agree,150
06/20/2020,OR,6750,6750,0,178,0,189,189,0,1,0,06/21/2020 02:32:57 PM,Agree,Agree,151
06/21/2020,OR,6937,6700,237,187,237,190,188,2,1,2,06/22/2020 03:24:02 PM,Agree,Agree,152
06/22/2020,OR,7083,6836,247,146,10,192,190,2,2,0,06/23/2020 02:28:19 PM,Agree,Agree,153
06/23/2020,OR,7274,7018,256,191,9,192,190,2,0,0,06/24/2020 03:03:27 PM,Agree,Agree,154
06/24/2020,OR,7444,7185,259,170,3,195,193,2,3,0,06/25/2020 02:07:27 PM,Agree,Agree,155
06/25/2020,OR,7568,7568,0,124,-259,197,197,0,2,-2,06/26/2020 07:18:27 PM,Agree,Agree,156
06/26/2020,OR,7818,7818,0,250,0,202,202,0,5,0,06/27/2020 05:51:58 PM,Agree,Agree,157
06/27/2020,OR,8094,8094,0,276,0,202,202,0,0,0,06/28/2020 02:59:02 PM,Agree,Agree,158
06/28/2020,OR,8341,8004,337,247,337,202,199,3,0,3,06/29/2020 02:37:31 PM,Agree,Agree,159
06/29/2020,OR,8485,8121,364,144,27,204,201,3,2,0,06/30/2020 03:27:33 PM,Agree,Agree,160
06/30/2020,OR,8656,8265,391,171,27,207,204,3,3,0,07/01/2020 03:45:16 PM,Agree,Agree,161
07/01/2020,OR,8931,8525,406,275,15,208,205,3,1,0,07/02/2020 03:10:03 PM,Agree,Agree,162
07/02/2020,OR,9294,9294,0,363,-406,209,209,0,1,-3,07/03/2020 03:01:33 PM,Agree,Agree,163
07/03/2020,OR,9636,9186,450,342,450,209,206,3,0,3,07/04/2020 03:30:31 PM,Agree,Agree,164
07/04/2020,OR,9930,9469,461,294,11,213,210,3,4,0,07/05/2020 03:00:14 PM,Agree,Agree,165
07/05/2020,OR,10230,10230,0,300,-461,215,215,0,2,-3,07/06/2020 03:16:12 PM,Agree,Agree,166
07/06/2020,OR,10395,9902,493,165,493,215,212,3,0,3,07/07/2020 02:58:02 PM,Agree,Agree,167
07/07/2020,OR,10605,10605,0,210,-493,220,220,0,5,-3,07/08/2020 02:12:08 PM,Agree,Agree,168
07/08/2020,OR,10819,10278,541,214,541,224,221,3,4,3,07/09/2020 03:14:15 PM,Agree,Agree,169
07/09/2020,OR,11188,11188,0,369,-541,230,230,0,6,-3,07/10/2020 03:35:06 PM,Agree,Agree,170
07/10/2020,OR,11454,10881,573,266,573,232,227,5,2,5,07/11/2020 06:25:05 PM,Agree,Agree,171
07/11/2020,OR,11851,11851,0,397,-573,232,232,0,0,-5,07/12/2020 03:13:57 PM,Agree,Agree,172
07/12/2020,OR,12170,12170,0,319,0,234,234,0,2,0,07/13/2020 03:19:34 PM,Agree,Agree,173
07/13/2020,OR,12438,11795,643,268,643,237,233,4,3,4,07/14/2020 03:13:07 PM,Agree,Agree,174
07/14/2020,OR,12805,12805,0,367,-643,244,244,0,7,-4,07/15/2020 03:05:12 PM,Agree,Agree,175
07/15/2020,OR,13081,13081,0,276,0,247,247,0,3,0,07/16/2020 02:22:21 PM,Agree,Agree,176
07/16/2020,OR,13509,13509,0,428,0,249,249,0,2,0,07/17/2020 02:31:01 PM,Agree,Agree,177
07/17/2020,OR,13802,13086,716,293,716,254,250,4,5,4,07/18/2020 04:14:26 PM,Agree,Agree,178
07/18/2020,OR,14149,14149,0,347,-716,257,257,0,3,-4,07/19/2020 03:05:47 PM,Agree,Agree,179
07/19/2020,OR,14579,14579,0,430,0,260,260,0,3,0,07/20/2020 02:35:44 PM,Agree,Agree,180
07/20/2020,OR,14847,14847,0,268,0,262,262,0,2,0,07/21/2020 02:50:17 PM,Agree,Agree,181
07/21/2020,OR,15139,14355,784,292,784,269,265,4,7,4,07/22/2020 02:51:28 PM,Agree,Agree,182
07/22/2020,OR,15394,14587,807,255,23,271,267,4,2,0,07/23/2020 02:48:19 PM,Agree,Agree,183
07/23/2020,OR,15713,14900,813,319,6,273,269,4,2,0,07/24/2020 02:18:40 PM,Agree,Agree,184
07/24/2020,OR,16104,15273,831,391,18,282,277,5,9,1,07/25/2020 05:40:06 PM,Agree,Agree,185
07/25/2020,OR,16492,16492,0,388,-831,286,286,0,4,-5,07/26/2020 03:17:16 PM,Agree,Agree,186
07/26/2020,OR,16758,16758,0,266,0,289,289,0,3,0,07/27/2020 02:16:42 PM,Agree,Agree,187
07/27/2020,OR,17088,17088,0,330,0,289,289,0,0,0,07/28/2020 02:21:07 PM,Agree,Agree,188
07/28/2020,OR,17416,17416,0,328,0,303,303,0,14,0,07/29/2020 02:34:46 PM,Agree,Agree,189
07/29/2020,OR,17721,16815,906,305,906,311,305,6,8,6,07/30/2020 02:42:43 PM,Agree,Agree,190
07/30/2020,OR,18131,17872,259,410,-647,316,310,6,5,0,07/31/2020 02:35:06 PM,Agree,Agree,191
07/31/2020,OR,18493,17541,952,362,693,322,316,6,6,0,08/01/2020 02:38:12 PM,Agree,Agree,192
08/01/2020,OR,18817,18817,0,324,-952,325,325,0,3,-6,08/02/2020 02:54:37 PM,Agree,Agree,193
08/02/2020,OR,19097,19097,0,280,0,326,326,0,1,0,08/03/2020 02:31:01 PM,Agree,Agree,194
08/03/2020,OR,19366,19366,0,269,0,328,328,0,2,0,08/04/2020 02:09:35 PM,Agree,Agree,195
08/04/2020,OR,19699,19699,0,333,0,333,333,0,5,0,08/05/2020 02:13:18 PM,Agree,Agree,196
08/05/2020,OR,19978,18935,1043,279,1043,338,332,6,5,6,08/06/2020 02:12:27 PM,Agree,Agree,197
08/06/2020,OR,20225,19182,1043,247,0,339,333,6,1,0,08/07/2020 11:57:59 PM,Agree,Agree,198
08/07/2020,OR,20636,20636,0,411,-1043,348,348,0,9,-6,08/08/2020 02:58:44 PM,Agree,Agree,199
08/08/2020,OR,21010,21010,0,374,0,355,355,0,7,0,08/09/2020 02:03:10 PM,Agree,Agree,200
08/09/2020,OR,21272,21272,0,262,0,356,356,0,1,0,08/10/2020 02:23:35 PM,Agree,Agree,201
08/10/2020,OR,21488,21488,0,216,0,357,357,0,1,0,08/11/2020 02:16:27 PM,Agree,Agree,202
08/11/2020,OR,21774,20643,1131,286,1131,368,360,8,11,8,08/12/2020 01:50:14 PM,Agree,Agree,203
08/12/2020,OR,22022,20891,1131,248,0,375,367,8,7,0,08/13/2020 02:12:28 PM,Agree,Agree,204
08/13/2020,OR,22300,21169,1131,278,0,383,375,8,8,0,08/14/2020 02:30:03 PM,Agree,Agree,205
08/14/2020,OR,22613,22613,0,313,-1131,385,385,0,2,-8,08/15/2020 02:02:05 PM,Agree,Agree,206
08/15/2020,OR,23018,21887,1131,405,1131,386,378,8,1,8,08/16/2020 02:57:14 PM,Agree,Agree,207
08/16/2020,OR,23744,22613,1131,726,0,393,385,8,7,0,08/17/2020 02:26:31 PM,Agree,Agree,208
08/17/2020,OR,23451,22320,1131,-293,0,396,388,8,3,0,08/18/2020 02:26:55 PM,Agree,Agree,209
08/18/2020,OR,23676,22452,1224,225,93,397,388,9,1,1,08/19/2020 02:23:51 PM,Agree,Agree,210
08/19/2020,OR,23870,22646,1224,194,0,408,399,9,11,0,08/20/2020 03:11:45 PM,Agree,Agree,211
08/20/2020,OR,24165,22941,1224,295,0,412,403,9,4,0,08/21/2020 02:27:34 PM,Agree,Agree,212
08/21/2020,OR,24421,24421,0,256,-1224,414,414,0,2,-9,08/22/2020 02:21:09 PM,Agree,Agree,213
08/22/2020,OR,24710,24710,0,289,0,417,417,0,3,0,08/23/2020 02:15:28 PM,Agree,Agree,214
08/23/2020,OR,24937,24937,0,227,0,417,417,0,0,0,08/24/2020 01:54:34 PM,Agree,Agree,215
08/24/2020,OR,25155,25155,0,218,0,420,420,0,3,0,08/25/2020 02:02:54 PM,Agree,Agree,216
08/25/2020,OR,25391,25391,0,236,0,428,428,0,8,0,08/26/2020 01:51:40 PM,Agree,Agree,217
08/26/2020,OR,25571,24289,1282,180,1282,433,422,11,5,11,08/27/2020 01:42:08 PM,Agree,Agree,218
08/27/2020,OR,25761,24482,1279,190,-3,438,427,11,5,0,08/28/2020 01:43:49 PM,Agree,Agree,219
08/28/2020,OR,26054,24775,1279,293,0,447,436,11,9,0,08/29/2020 01:42:50 PM,Agree,Agree,220
08/29/2020,OR,26293,25014,1279,239,0,454,443,11,7,0,08/30/2020 02:49:52 PM,Agree,Agree,221
08/30/2020,OR,26554,25275,1279,261,0,458,447,11,4,0,08/31/2020 02:05:56 PM,Agree,Agree,222
08/31/2020,OR,26713,25434,1279,159,0,459,448,11,1,0,09/01/2020 02:09:34 PM,Agree,Agree,223
09/01/2020,OR,26946,25639,1307,233,28,465,453,12,6,1,09/02/2020 01:49:48 PM,Agree,Agree,224
09/02/2020,OR,27075,25768,1307,129,0,468,456,12,3,0,09/03/2020 02:18:16 PM,Agree,Agree,225
09/03/2020,OR,27336,26029,1307,261,0,470,458,12,2,0,09/04/2020 01:36:16 PM,Agree,Agree,226
09/04/2020,OR,27601,26294,1307,265,0,475,463,12,5,0,09/05/2020 02:09:45 PM,Agree,Agree,227
09/05/2020,OR,27856,26549,1307,255,0,480,468,12,5,0,09/06/2020 02:09:04 PM,Agree,Agree,228
09/06/2020,OR,28044,26737,1307,188,0,481,469,12,1,0,09/07/2020 01:37:36 PM,Agree,Agree,229
09/07/2020,OR,28190,26883,1307,146,0,482,470,12,1,0,09/08/2020 02:47:00 PM,Agree,Agree,230
09/08/2020,OR,28355,26988,1367,165,60,486,473,13,4,1,09/09/2020 01:47:50 PM,Agree,Agree,231
09/09/2020,OR,28471,27104,1367,116,0,494,481,13,8,0,09/10/2020 02:02:53 PM,Agree,Agree,232
09/10/2020,OR,28654,27287,1367,183,0,497,484,13,3,0,09/11/2020 01:51:03 PM,Agree,Agree,233
09/11/2020,OR,28865,27498,1367,211,0,499,486,13,2,0,09/12/2020 02:12:43 PM,Agree,Agree,234
09/12/2020,OR,29156,27789,1367,291,0,505,492,13,6,0,09/13/2020 04:17:15 PM,Agree,Agree,235
09/13/2020,OR,29337,27970,1367,181,0,509,496,13,4,0,09/14/2020 02:01:21 PM,Agree,Agree,236
09/14/2020,OR,29484,28117,1367,147,0,511,498,13,2,0,09/15/2020 02:03:59 PM,Agree,Agree,237
09/15/2020,OR,29662,28223,1439,178,72,519,505,14,8,1,09/16/2020 01:53:41 PM,Agree,Agree,238
09/16/2020,OR,29850,28411,1439,188,0,521,507,14,2,0,09/17/2020 01:45:45 PM,Agree,Agree,239
09/17/2020,OR,30060,28621,1439,210,0,521,507,14,0,0,09/18/2020 01:48:37 PM,Agree,Agree,240
09/18/2020,OR,30342,28903,1439,282,0,521,507,14,0,0,09/19/2020 02:00:26 PM,Agree,Agree,241
09/19/2020,OR,30599,29160,1439,257,0,525,511,14,4,0,09/20/2020 01:53:10 PM,Agree,Agree,242
09/20/2020,OR,30801,29362,1439,202,0,526,512,14,1,0,09/21/2020 01:47:41 PM,Agree,Agree,243
09/21/2020,OR,30995,29556,1439,194,0,529,515,14,3,0,09/22/2020 01:51:57 PM,Agree,Agree,244
09/22/2020,OR,31313,29874,1439,318,0,532,518,14,3,0,09/23/2020 01:51:22 PM,Agree,Agree,245
09/23/2020,OR,31503,30064,1439,190,0,538,524,14,6,0,09/24/2020 01:54:02 PM,Agree,Agree,246
09/24/2020,OR,31865,30316,1549,362,110,539,526,13,1,-1,09/25/2020 01:54:10 PM,Agree,Agree,247
09/25/2020,OR,32314,30765,1549,449,0,542,529,13,3,0,09/26/2020 01:46:07 PM,Agree,Agree,248
09/26/2020,OR,32581,31032,1549,267,0,546,533,13,4,0,09/27/2020 01:39:49 PM,Agree,Agree,249
09/27/2020,OR,32820,31271,1549,239,0,547,534,13,1,0,09/28/2020 01:50:59 PM,Agree,Agree,250
09/28/2020,OR,32994,31390,1604,174,55,547,533,14,0,1,09/29/2020 01:50:42 PM,Agree,Agree,251
09/29/2020,OR,33291,31678,1613,297,9,555,541,14,8,0,09/30/2020 02:17:41 PM,Agree,Agree,252
09/30/2020,OR,33509,31896,1613,218,0,559,545,14,4,0,10/01/2020 01:42:11 PM,Agree,Agree,253
10/01/2020,OR,33862,32201,1661,353,48,560,545,15,1,1,10/02/2020 01:40:08 PM,Agree,Agree,254
10/02/2020,OR,34163,32502,1661,301,0,563,548,15,3,0,10/03/2020 01:39:53 PM,Agree,Agree,255
10/03/2020,OR,34511,32850,1661,348,0,571,556,15,8,0,10/04/2020 01:35:23 PM,Agree,Agree,256
10/04/2020,OR,34770,33109,1661,259,0,572,557,15,1,0,10/05/2020 01:49:47 PM,Agree,Agree,257
10/05/2020,OR,35049,33329,1720,279,59,572,557,15,0,0,10/06/2020 01:33:58 PM,Agree,Agree,258
10/06/2020,OR,35340,33620,1720,291,0,581,566,15,9,0,10/07/2020 01:45:01 PM,Agree,Agree,259
10/07/2020,OR,35634,33914,1720,294,0,583,568,15,2,0,10/08/2020 01:56:57 PM,Agree,Agree,260
10/08/2020,OR,36116,34396,1720,482,0,594,579,15,11,0,10/09/2020 01:43:36 PM,Agree,Agree,261
10/09/2020,OR,36526,34806,1720,410,0,597,582,15,3,0,10/10/2020 01:30:17 PM,Agree,Agree,262
10/10/2020,OR,36526,34806,1720,0,0,597,582,15,0,0,10/11/2020 01:47:22 PM,Agree,Agree,263
10/11/2020,OR,37255,35535,1720,729,0,599,584,15,2,0,10/12/2020 02:07:08 PM,Agree,Agree,264
10/12/2020,OR,37467,35747,1720,212,0,599,584,15,0,0,10/13/2020 01:29:38 PM,Agree,Agree,265
10/13/2020,OR,37780,36060,1720,313,0,605,590,15,6,0,10/14/2020 01:28:39 PM,Agree,Agree,266
10/14/2020,OR,38160,36440,1720,380,0,608,593,15,3,0,10/15/2020 01:30:46 PM,Agree,Agree,267
10/15/2020,OR,38525,36805,1720,365,0,611,596,15,3,0,10/16/2020 01:33:55 PM,Agree,Agree,268
10/16/2020,OR,38935,37215,1720,410,0,617,602,15,6,0,10/17/2020 02:09:18 PM,Agree,Agree,269
10/17/2020,OR,39316,37596,1720,381,0,620,605,15,3,0,10/18/2020 01:26:54 PM,Agree,Agree,270
10/18/2020,OR,39532,37812,1720,216,0,620,605,15,0,0,10/19/2020 02:06:44 PM,Agree,Agree,271
10/19/2020,OR,39794,38074,1720,262,0,628,613,15,8,0,10/20/2020 02:59:27 PM,Agree,Agree,272
10/20/2020,OR,40136,38416,1720,342,0,633,618,15,5,0,10/21/2020 01:34:31 PM,Agree,Agree,273
10/21/2020,OR,40443,38723,1720,307,0,635,620,15,2,0,10/22/2020 01:34:46 PM,Agree,Agree,274
10/22/2020,OR,40810,39090,1720,367,0,646,631,15,11,0,10/23/2020 01:44:31 PM,Agree,Agree,275
10/23/2020,OR,41348,39628,1720,538,0,649,634,15,3,0,10/24/2020 01:26:44 PM,Agree,Agree,276
10/24/2020,OR,41348,39628,1720,0,0,649,634,15,0,0,10/25/2020 01:45:35 PM,Agree,Agree,277
10/25/2020,OR,42101,40381,1720,753,0,653,638,15,4,0,10/26/2020 01:41:41 PM,Agree,Agree,278
10/26/2020,OR,42436,40716,1720,335,0,655,640,15,2,0,10/27/2020 01:47:53 PM,Agree,Agree,279
10/27/2020,OR,42808,41088,1720,372,0,664,649,15,9,0,10/28/2020 01:52:28 PM,Agree,Agree,280
10/28/2020,OR,43228,41508,1720,420,0,671,656,15,7,0,10/29/2020 02:11:33 PM,Agree,Agree,281
10/29/2020,OR,43793,42073,1720,565,0,673,658,15,2,0,10/30/2020 01:37:23 PM,Agree,Agree,282
10/30/2020,OR,44388,42668,1720,595,0,675,660,15,2,0,10/31/2020 01:30:31 PM,Agree,Agree,283
10/31/2020,OR,44921,43201,1720,533,0,689,674,15,14,0,11/01/2020 03:03:08 PM,Agree,Agree,284
11/01/2020,OR,45429,43709,1720,508,0,691,676,15,2,0,11/02/2020 02:53:09 PM,Agree,Agree,285
11/02/2020,OR,45978,44258,1720,549,0,692,677,15,1,0,11/03/2020 02:57:05 PM,Agree,Agree,286
11/03/2020,OR,46460,44740,1720,482,0,701,686,15,9,0,11/04/2020 03:03:00 PM,Agree,Agree,287
11/04/2020,OR,47049,45329,1720,589,0,705,690,15,4,0,11/05/2020 02:39:23 PM,Agree,Agree,288
11/05/2020,OR,47839,46119,1720,790,0,710,695,15,5,0,11/06/2020 03:33:41 PM,Agree,Agree,289
11/06/2020,OR,48608,46888,1720,769,0,716,701,15,6,0,11/07/2020 02:45:17 PM,Agree,Agree,290
11/07/2020,OR,49587,47867,1720,979,0,729,714,15,13,0,11/08/2020 02:40:34 PM,Agree,Agree,291
11/08/2020,OR,50448,48728,1720,861,0,730,715,15,1,0,11/09/2020 02:38:54 PM,Agree,Agree,292
11/09/2020,OR,51155,49435,1720,707,0,734,719,15,4,0,11/10/2020 02:45:45 PM,Agree,Agree,293
11/10/2020,OR,51909,50189,1720,754,0,737,722,15,3,0,11/11/2020 03:15:25 PM,Agree,Agree,294
11/11/2020,OR,52770,51050,1720,861,0,742,727,15,5,0,11/12/2020 02:55:21 PM,Agree,Agree,295
11/12/2020,OR,53879,52159,1720,1109,0,746,731,15,4,0,11/13/2020 02:54:34 PM,Agree,Agree,296
11/13/2020,OR,54937,53217,1720,1058,0,753,738,15,7,0,11/14/2020 02:44:40 PM,Agree,Agree,297
11/14/2020,OR,56018,54298,1720,1081,0,759,744,15,6,0,11/15/2020 03:12:13 PM,Agree,Agree,298
11/15/2020,OR,56880,55160,1720,862,0,761,746,15,2,0,11/16/2020 06:40:02 PM,Agree,Agree,299
11/16/2020,OR,57646,55926,1720,766,0,765,750,15,4,0,11/17/2020 02:52:47 PM,Agree,Agree,300
11/17/2020,OR,58570,56850,1720,924,0,778,763,15,13,0,11/18/2020 02:57:46 PM,Agree,Agree,301
11/18/2020,OR,59669,57949,1720,1099,0,788,773,15,10,0,11/19/2020 03:01:36 PM,Agree,Agree,302
11/19/2020,OR,60873,59153,1720,1204,0,808,793,15,20,0,11/20/2020 03:06:16 PM,Agree,Agree,303
11/20/2020,OR,62175,60455,1720,1302,0,812,797,15,4,0,11/21/2020 02:59:41 PM,Agree,Agree,304
11/21/2020,OR,63668,61948,1720,1493,0,819,804,15,7,0,11/22/2020 03:02:23 PM,Agree,Agree,305
11/22/2020,OR,65170,63450,1720,1502,0,820,805,15,1,0,11/23/2020 03:04:35 PM,Agree,Agree,306
11/23/2020,OR,66333,64613,1720,1163,0,826,811,15,6,0,11/24/2020 03:27:55 PM,Agree,Agree,307
11/24/2020,OR,67333,65613,1720,1000,0,847,832,15,21,0,11/25/2020 02:53:15 PM,Agree,Agree,308
11/25/2020,OR,68503,66783,1720,1170,0,867,852,15,20,0,11/26/2020 02:44:21 PM,Agree,Agree,309
11/26/2020,OR,70006,68286,1720,1503,0,882,867,15,15,0,11/27/2020 03:07:59 PM,Agree,Agree,310
11/27/2020,OR,70832,69112,1720,826,0,885,870,15,3,0,11/28/2020 02:46:47 PM,Agree,Agree,311
11/28/2020,OR,72506,70786,1720,1674,0,896,881,15,11,0,11/29/2020 02:49:08 PM,Agree,Agree,312
11/29/2020,OR,74120,72400,1720,1614,0,905,890,15,9,0,11/30/2020 02:51:40 PM,Agree,Agree,313
11/30/2020,OR,75431,73711,1720,1311,0,912,897,15,7,0,12/01/2020 03:26:07 PM,Agree,Agree,314
12/01/2020,OR,76654,74934,1720,1223,0,936,921,15,24,0,12/02/2020 03:48:48 PM,Agree,Agree,315
12/02/2020,OR,78160,76440,1720,1506,0,953,938,15,17,0,12/03/2020 03:21:08 PM,Agree,Agree,316
12/03/2020,OR,79293,77573,1720,1133,0,973,958,15,20,0,12/04/2020 03:00:59 PM,Agree,Agree,317
12/04/2020,OR,81437,79717,1720,2144,0,1003,988,15,30,0,12/05/2020 02:29:17 PM,Agree,Agree,318
12/05/2020,OR,83243,81523,1720,1806,0,1027,1012,15,24,0,12/06/2020 02:51:16 PM,Agree,Agree,319
12/06/2020,OR,84496,82776,1720,1253,0,1033,1018,15,6,0,12/07/2020 02:38:33 PM,Agree,Agree,320
12/07/2020,OR,85788,84068,1720,1292,0,1045,1030,15,12,0,12/08/2020 02:59:49 PM,Agree,Agree,321
12/08/2020,OR,87082,85362,1720,1294,0,1080,1065,15,35,0,12/09/2020 02:45:40 PM,Agree,Agree,322
12/09/2020,OR,88287,86567,1720,1205,0,1110,1095,15,30,0,12/10/2020 02:50:16 PM,Agree,Agree,323
12/10/2020,OR,89838,88118,1720,1551,0,1123,1108,15,13,0,12/11/2020 03:06:51 PM,Agree,Agree,324
12/11/2020,OR,91420,89700,1720,1582,0,1138,1123,15,15,0,12/12/2020 02:59:37 PM,Agree,Agree,325
12/12/2020,OR,92839,91119,1720,1419,0,1150,1135,15,12,0,12/13/2020 02:31:19 PM,Agree,Agree,326
12/13/2020,OR,93853,92133,1720,1014,0,1155,1140,15,5,0,12/14/2020 02:36:45 PM,Agree,Agree,327
12/14/2020,OR,95010,93290,1720,1157,0,1161,1146,15,6,0,12/15/2020 02:39:02 PM,Agree,Agree,328
12/15/2020,OR,96092,94372,1720,1082,0,1213,1198,15,52,0,12/16/2020 02:28:57 PM,Agree,Agree,329
12/16/2020,OR,97622,95902,1720,1530,0,1262,1247,15,49,0,12/17/2020 02:33:42 PM,Agree,Agree,330
12/17/2020,OR,98936,97216,1720,1314,0,1283,1268,15,21,0,12/18/2020 02:45:01 PM,Agree,Agree,331
12/18/2020,OR,100308,98588,1720,1372,0,1304,1289,15,21,0,12/19/2020 02:42:31 PM,Agree,Agree,332
12/19/2020,OR,101814,100094,1720,1506,0,1340,1325,15,36,0,12/20/2020 02:32:33 PM,Agree,Agree,333
12/20/2020,OR,102930,101210,1720,1116,0,1341,1326,15,1,0,12/21/2020 02:39:53 PM,Agree,Agree,334
12/21/2020,OR,103755,102035,1720,825,0,1347,1332,15,6,0,12/22/2020 02:35:48 PM,Agree,Agree,335
12/22/2020,OR,105073,103353,1720,1318,0,1382,1367,15,35,0,12/23/2020 02:36:58 PM,Agree,Agree,336
12/23/2020,OR,105970,104250,1720,897,0,1403,1388,15,21,0,12/24/2020 02:31:20 PM,Agree,Agree,337
12/24/2020,OR,106821,105101,1720,851,0,1415,1400,15,12,0,12/25/2020 02:25:34 PM,Agree,Agree,338
12/25/2020,OR,107718,105998,1720,897,0,1422,1407,15,7,0,12/26/2020 02:34:18 PM,Agree,Agree,339
12/26/2020,OR,108326,106606,1720,608,0,1422,1407,15,0,0,12/27/2020 02:44:47 PM,Agree,Agree,340
12/27/2020,OR,109725,108005,1720,1399,0,1427,1412,15,5,0,12/28/2020 02:42:49 PM,Agree,Agree,341
12/28/2020,OR,110545,108825,1720,820,0,1433,1418,15,6,0,12/29/2020 02:56:32 PM,Agree,Agree,342
12/29/2020,OR,111227,109507,1720,682,0,1449,1434,15,16,0,12/30/2020 02:56:20 PM,Agree,Agree,343
12/30/2020,OR,112260,110540,1720,1033,0,1468,1453,15,19,0,12/31/2020 02:55:07 PM,Agree,Agree,344
12/31/2020,OR,113909,112189,1720,1649,0,1477,1462,15,9,0,01/01/2021 02:49:07 PM,Agree,Agree,345
