submission_date,state,tot_cases,conf_cases,prob_cases,new_case,pnew_case,tot_death,conf_death,prob_death,new_death,pnew_death,created_at,consent_cases,consent_deaths,index
01/22/2020,OR,0,,,0,,0,,,0,,03/26/2020 04:22:39 PM,Agree,Agree,1
01/23/2020,OR,0,,,0,,0,,,0,,03/26/2020 04:22:39 PM,Agree,Agree,2
01/24/2020,OR,0,,,0,,0,,,0,,03/26/2020 04:22:39 PM,Agree,Agree,3
01/25/2020,OR,0,,,0,,0,,,0,,03/26/2020 04:22:39 PM,Agree,Agree,4
01/26/2020,OR,0,,,0,,0,,,0,,03/26/2020 04:22:39 PM,Agree,Agree,5
01/27/2020,OR,0,,,0,,0,,,0,,03/26/2020 04:22:39 PM,Agree,Agree,6
01/28/2020,OR,0,,,0,,0,,,0,,03/26/2020 04:22:39 PM,Agree,Agree,7
01/29/2020,OR,0,,,0,,0,,,0,,03/26/2020 04:22:39 PM,Agree,Agree,8
01/30/2020,OR,0,,,0,,0,,,0,,03/26/2020 04:22:39 PM,Agree,Agree,9
01/31/2020,OR,0,,,0,,0,,,0,,03/26/2020 04:22:39 PM,Agree,Agree,10
02/01/2020,OR,0,,,0,,0,,,0,,03/26/2020 04:22:39 PM,Agree,Agree,11
02/02/2020,OR,0,,,0,,0,,,0,,03/26/2020 04:22:39 PM,Agree,Agree,12
02/03/2020,OR,0,,,0,,0,,,0,,03/26/2020 04:22:39 PM,Agree,Agree,13
02/04/2020,OR,0,,,0,,0,,,0,,03/26/2020 04:22:39 PM,Agree,Agree,14
02/05/2020,OR,0,,,0,,0,,,0,,03/26/2020 04:22:39 PM,Agree,Agree,15
02/06/2020,OR,0,,,0,,0,,,0,,03/26/2020 04:22:39 PM,Agree,Agree,16
02/07/2020,OR,0,,,0,,0,,,0,,03/26/2020 04:22:39 PM,Agree,Agree,17
02/08/2020,OR,0,,,0,,0,,,0,,03/26/2020 04:22:39 PM,Agree,Agree,18
02/09/2020,OR,0,,,0,,0,,,0,,03/26/2020 04:22:39 PM,Agree,Agree,19
02/10/2020,OR,0,,,0,,0,,,0,,03/26/2020 04:22:39 PM,Agree,Agree,20
02/11/2020,OR,0,,,0,,0,,,0,,03/26/2020 04:22:39 PM,Agree,Agree,21
02/12/2020,OR,0,,,0,,0,,,0,,03/26/2020 04:22:39 PM,Agree,Agree,22
02/13/2020,OR,0,,,0,,0,,,0,,03/26/2020 04:22:39 PM,Agree,Agree,23
02/14/2020,OR,0,,,0,,0,,,0,,03/26/2020 04:22:39 PM,Agree,Agree,24
02/15/2020,OR,0,,,0,,0,,,0,,03/26/2020 04:22:39 PM,Agree,Agree,25
02/16/2020,OR,0,,,0,,0,,,0,,03/26/2020 04:22:39 PM,Agree,Agree,26
02/17/2020,OR,0,,,0,,0,,,0,,03/26/2020 04:22:39 PM,Agree,Agree,27
02/18/2020,OR,0,,,0,,0,,,0,,03/26/2020 04:22:39 PM,Agree,Agree,28
02/19/2020,OR,0,,,0,,0,,,0,,03/26/2020 04:22:39 PM,Agree,Agree,29
02/20/2020,OR,0,,,0,,0,,,0,,03/26/2020 04:22:39 PM,Agree,Agree,30
02/21/2020,OR,0,,,0,,0,,,0,,03/26/2020 04:22:39 PM,Agree,Agree,31
02/22/2020,OR,0,,,0,,0,,,0,,03/26/2020 04:22:39 PM,Agree,Agree,32
02/23/2020,OR,0,,,0,,0,,,0,,03/26/2020 04:22:39 PM,Agree,Agree,33
02/24/2020,OR,0,,,0,,0,,,0,,03/26/2020 04:22:39 PM,Agree,Agree,34
02/25/2020,OR,0,,,0,,0,,,0,,03/26/2020 04:22:39 PM,Agree,Agree,35
02/26/2020,OR,0,,,0,,0,,,0,,03/26/2020 04:22:39 PM,Agree,Agree,36
02/27/2020,OR,0,,,0,,0,,,0,,03/26/2020 04:22:39 PM,Agree,Agree,37
02/28/2020,OR,0,,,0,,0,,,0,,03/26/2020 04:22:39 PM,Agree,Agree,38
02/29/2020,OR,1,,,1,,0,,,0,,03/26/2020 04:22:39 PM,Agree,Agree,39
03/01/2020,OR,1,,,0,,0,,,0,,03/26/2020 04:22:39 PM,Agree,Agree,40
03/02/2020,OR,3,,,2,,0,,,0,,03/26/2020 04:22:39 PM,Agree,Agree,41
03/03/2020,OR,3,,,0,,0,,,0,,03/26/2020 04:22:39 PM,Agree,Agree,42
03/04/2020,OR,3,,,0,,0,,,0,,03/26/2020 04:22:39 PM,Agree,Agree,43
03/05/2020,OR,3,,,0,,0,,,0,,03/26/2020 04:22:39 PM,Agree,Agree,44
03/06/2020,OR,3,,,0,,0,,,0,,03/26/2020 04:22:39 PM,Agree,Agree,45
03/07/2020,OR,7,,,4,,0,,,0,,03/26/2020 04:22:39 PM,Agree,Agree,46
03/08/2020,OR,14,,,7,,0,,,0,,03/26/2020 04:22:39 PM,Agree,Agree,47
03/09/2020,OR,14,,,0,,0,,,0,,03/26/2020 04:22:39 PM,Agree,Agree,48
03/10/2020,OR,15,,,1,,0,,,0,,03/26/2020 04:22:39 PM,Agree,Agree,49
03/11/2020,OR,19,,,4,,0,,,0,,03/26/2020 04:22:39 PM,Agree,Agree,50
03/12/2020,OR,24,,,5,,0,,,0,,03/26/2020 04:22:39 PM,Agree,Agree,51
03/13/2020,OR,24,,,0,,0,,,0,,03/26/2020 04:22:39 PM,Agree,Agree,52
03/14/2020,OR,24,,,0,,0,,,0,,03/26/2020 04:22:39 PM,Agree,Agree,53
03/15/2020,OR,39,,,15,,1,,,1,,03/26/2020 04:22:39 PM,Agree,Agree,54
03/16/2020,OR,47,,,8,,1,,,0,,03/26/2020 04:22:39 PM,Agree,Agree,55
03/17/2020,OR,65,,,18,,1,,,0,,03/26/2020 04:22:39 PM,Agree,Agree,56
03/18/2020,OR,75,,,10,,3,,,2,,03/26/2020 04:22:39 PM,Agree,Agree,57
03/19/2020,OR,88,,,13,,3,,,0,,03/26/2020 04:22:39 PM,Agree,Agree,58
03/20/2020,OR,114,,,26,,3,,,0,,03/26/2020 04:22:39 PM,Agree,Agree,59
03/21/2020,OR,137,,,23,,4,,,1,,03/26/2020 04:22:39 PM,Agree,Agree,60
03/22/2020,OR,161,,,24,,5,,,1,,03/26/2020 04:22:39 PM,Agree,Agree,61
03/23/2020,OR,191,,,30,,5,,,0,,03/26/2020 04:22:39 PM,Agree,Agree,62
03/24/2020,OR,209,,,18,,8,,,3,,03/26/2020 04:22:39 PM,Agree,Agree,63
03/25/2020,OR,266,,,57,,10,,,2,,03/26/2020 04:22:39 PM,Agree,Agree,64
03/26/2020,OR,316,,,50,,11,,,1,,03/26/2020 04:22:39 PM,Agree,Agree,65
03/27/2020,OR,414,,,98,,12,,,1,,03/26/2020 04:22:39 PM,Agree,Agree,66
03/28/2020,OR,479,,,65,,13,,,1,,03/28/2020 04:22:39 PM,Agree,Agree,67
03/29/2020,OR,548,,,69,,13,,,0,,03/28/2020 04:22:39 PM,Agree,Agree,68
03/30/2020,OR,606,,,58,,16,,,3,,03/29/2020 04:22:39 PM,Agree,Agree,69
03/31/2020,OR,690,,,84,,18,,,2,,03/30/2020 04:22:39 PM,Agree,Agree,70
04/01/2020,OR,736,,,46,,18,,,0,,03/31/2020 04:22:39 PM,Agree,Agree,71
04/02/2020,OR,826,,,90,,21,,,3,,04/01/2020 04:22:39 PM,Agree,Agree,72
04/03/2020,OR,899,,,73,,22,,,1,,04/03/2020 04:22:39 PM,Agree,Agree,73
04/04/2020,OR,999,,,100,,26,,,4,,04/03/2020 04:22:39 PM,Agree,Agree,74
04/05/2020,OR,1068,,,69,,27,,,1,,04/04/2020 04:22:39 PM,Agree,Agree,75
04/06/2020,OR,1132,,,64,,29,,,2,,04/05/2020 04:22:39 PM,Agree,Agree,76
04/07/2020,OR,1181,,,49,,33,,,4,,04/07/2020 04:22:39 PM,Agree,Agree,77
04/08/2020,OR,1239,,,58,,38,,,5,,04/07/2020 04:22:39 PM,Agree,Agree,78
04/09/2020,OR,1321,,,82,,44,,,6,,04/08/2020 04:22:39 PM,Agree,Agree,79
04/10/2020,OR,1371,,,50,,48,,,4,,04/09/2020 04:22:39 PM,Agree,Agree,80
04/11/2020,OR,1447,,,76,,51,,,3,,04/10/2020 04:22:39 PM,Agree,Agree,81
04/12/2020,OR,1527,,,80,,52,,,1,,04/11/2020 04:22:39 PM,Agree,Agree,82
04/13/2020,OR,1584,,,57,,53,,,1,,04/12/2020 04:22:39 PM,Agree,Agree,83
04/14/2020,OR,1633,,,49,,55,,,2,,04/13/2020 04:22:39 PM,Agree,Agree,84
04/15/2020,OR,1663,,,30,,58,,,3,,04/15/2020 04:22:39 PM,Agree,Agree,85
04/16/2020,OR,1736,,,73,,64,,,6,,04/16/2020 04:22:39 PM,Agree,Agree,86
04/17/2020,OR,1785,,,49,,70,,,6,,04/17/2020 04:22:39 PM,Agree,Agree,87
04/18/2020,OR,1844,,,59,,72,,,2,,04/18/2020 04:22:39 PM,Agree,Agree,88
04/19/2020,OR,1910,1910,0,66,0,74,74,0,2,0,04/19/2020 04:22:39 PM,Agree,Agree,89
04/20/2020,OR,1956,1956,0,46,0,75,75,0,1,0,04/20/2020 04:22:39 PM,Agree,Agree,90
04/21/2020,OR,2002,2002,0,46,0,78,78,0,3,0,04/21/2020 04:22:39 PM,Agree,Agree,91
04/22/2020,OR,2059,2059,0,57,0,78,78,0,0,0,04/22/2020 04:22:39 PM,Agree,Agree,92
04/23/2020,OR,2127,2127,0,68,0,83,83,0,5,0,05/25/2020 03:38:40 PM,Agree,Agree,93
04/24/2020,OR,2177,2177,0,50,0,86,86,0,3,0,05/25/2020 03:38:40 PM,Agree,Agree,94
04/25/2020,OR,2253,2253,0,76,0,87,87,0,1,0,05/25/2020 03:38:40 PM,Agree,Agree,95
04/26/2020,OR,2311,2311,0,58,0,91,91,0,4,0,05/25/2020 03:38:40 PM,Agree,Agree,96
04/27/2020,OR,2354,2354,0,43,0,92,92,0,1,0,05/25/2020 03:38:40 PM,Agree,Agree,97
04/28/2020,OR,2385,2385,0,31,0,99,99,0,7,0,04/29/2020 06:12:08 PM,Agree,Agree,98
04/29/2020,OR,2446,2446,0,61,0,101,101,0,2,0,04/30/2020 04:07:01 PM,Agree,Agree,99
04/30/2020,OR,2510,2510,0,64,0,103,103,0,2,0,05/01/2020 09:00:19 PM,Agree,Agree,100
05/01/2020,OR,2579,2579,0,69,0,104,104,0,1,0,05/02/2020 03:47:19 PM,Agree,Agree,101
05/02/2020,OR,2635,2635,0,56,0,109,109,0,5,0,05/03/2020 03:36:03 PM,Agree,Agree,102
05/03/2020,OR,2680,2680,0,45,0,109,109,0,0,0,05/04/2020 10:49:24 PM,Agree,Agree,103
05/04/2020,OR,2759,2745,14,79,14,109,109,0,0,0,05/05/2020 05:25:08 PM,Agree,Agree,104
05/05/2020,OR,2839,2817,22,80,8,113,113,0,4,0,05/06/2020 04:23:08 PM,Agree,Agree,105
05/06/2020,OR,2916,2916,0,77,-22,115,115,0,2,0,05/07/2020 10:59:02 PM,Agree,Agree,106
05/07/2020,OR,2989,2957,32,73,32,121,121,0,6,0,05/08/2020 09:26:08 PM,Agree,Agree,107
05/08/2020,OR,3068,3032,36,79,4,124,124,0,3,0,05/09/2020 09:26:08 PM,Agree,Agree,108
05/09/2020,OR,3160,3160,0,92,-36,127,127,0,3,0,05/10/2020 09:26:08 PM,Agree,Agree,109
05/10/2020,OR,3228,3171,57,68,57,127,127,0,0,0,05/11/2020 09:26:08 PM,Agree,Agree,110
05/11/2020,OR,3286,3222,64,58,7,130,130,0,3,0,05/12/2020 05:26:08 PM,Agree,Agree,111
05/12/2020,OR,3358,3283,75,72,11,130,130,0,0,0,05/13/2020 03:26:08 PM,Agree,Agree,112
05/13/2020,OR,3416,3416,0,58,-75,134,134,0,4,0,05/14/2020 05:25:44 PM,Agree,Agree,113
05/14/2020,OR,3479,3407,72,63,72,137,137,0,3,0,05/15/2020 04:11:22 PM,Agree,Agree,114
05/15/2020,OR,3541,3470,71,62,-1,137,137,0,0,0,05/16/2020 03:46:44 PM,Agree,Agree,115
05/16/2020,OR,3612,3612,0,71,-71,137,137,0,0,0,05/17/2020 03:27:46 PM,Agree,Agree,116
05/17/2020,OR,3623,3542,81,11,81,137,137,0,0,0,05/18/2020 04:01:54 PM,Agree,Agree,117
05/18/2020,OR,3687,3604,83,64,2,138,138,0,1,0,05/19/2020 03:45:23 PM,Agree,Agree,118
05/19/2020,OR,3726,3636,90,39,7,140,140,0,2,0,05/20/2020 03:28:26 PM,Agree,Agree,119
05/20/2020,OR,3801,3701,100,75,10,144,144,0,4,0,05/21/2020 03:41:38 PM,Agree,Agree,120
05/21/2020,OR,3817,3725,92,16,-8,145,145,0,1,0,05/22/2020 03:31:45 PM,Agree,Agree,121
05/22/2020,OR,3864,3770,94,47,2,147,147,0,2,0,05/23/2020 05:58:16 PM,Agree,Agree,122
05/23/2020,OR,3888,3799,89,24,-5,147,147,0,0,0,05/24/2020 02:15:55 PM,Agree,Agree,123
05/24/2020,OR,3927,3842,85,39,-4,148,148,0,1,0,05/25/2020 02:12:49 PM,Agree,Agree,124
05/25/2020,OR,3949,3861,88,22,3,148,148,0,0,0,05/26/2020 02:23:02 PM,Agree,Agree,125
05/26/2020,OR,3967,3879,88,18,0,148,148,0,0,0,05/27/2020 03:37:59 PM,Agree,Agree,126
05/27/2020,OR,4038,3947,91,71,3,148,148,0,0,0,05/28/2020 03:12:25 PM,Agree,Agree,127
05/28/2020,OR,4086,3994,92,48,1,151,151,0,3,0,05/29/2020 02:19:55 PM,Agree,Agree,128
05/29/2020,OR,4131,4029,102,45,10,151,151,0,0,0,05/30/2020 03:47:59 PM,Agree,Agree,129
05/30/2020,OR,4185,4083,102,54,0,153,153,0,2,0,05/31/2020 02:43:17 PM,Agree,Agree,130
05/31/2020,OR,4243,4135,108,58,6,153,153,0,0,0,06/01/2020 02:17:42 PM,Agree,Agree,131
06/01/2020,OR,4302,4192,110,59,2,154,154,0,1,0,06/02/2020 02:16:17 PM,Agree,Agree,132
06/02/2020,OR,4335,4220,115,33,5,157,157,0,3,0,06/03/2020 02:11:36 PM,Agree,Agree,133
06/03/2020,OR,4399,4280,119,64,4,159,159,0,2,0,06/04/2020 03:03:31 PM,Agree,Agree,134
06/04/2020,OR,4474,4350,124,75,5,159,159,0,0,0,06/05/2020 03:17:07 PM,Agree,Agree,135
06/05/2020,OR,4570,4442,128,96,4,161,161,0,2,0,06/06/2020 02:31:37 PM,Agree,Agree,136
06/06/2020,OR,4662,4528,134,92,6,163,163,0,2,0,06/07/2020 02:23:35 PM,Agree,Agree,137
06/07/2020,OR,4808,4667,141,146,7,164,164,0,1,0,06/08/2020 02:55:08 PM,Agree,Agree,138
06/08/2020,OR,4922,4922,0,114,-141,164,164,0,0,0,06/09/2020 04:49:08 PM,Agree,Agree,139
06/09/2020,OR,4988,4841,147,66,147,169,168,1,5,1,06/10/2020 08:56:25 PM,Agree,Agree,140
06/10/2020,OR,5060,4907,153,72,6,169,168,1,0,0,06/11/2020 02:48:51 PM,Agree,Agree,141
06/11/2020,OR,5237,5076,161,177,8,171,170,1,2,0,06/12/2020 02:17:59 PM,Agree,Agree,142
06/12/2020,OR,5377,5207,170,140,9,173,172,1,2,0,06/13/2020 05:46:26 PM,Agree,Agree,143
06/13/2020,OR,5535,5355,180,158,10,174,173,1,1,0,06/14/2020 02:19:43 PM,Agree,Agree,144
06/14/2020,OR,5636,5452,184,101,4,176,175,1,2,0,06/15/2020 02:33:03 PM,Agree,Agree,145
06/15/2020,OR,5820,5625,195,184,11,180,179,1,4,0,06/16/2020 02:10:11 PM,Agree,Agree,146
06/16/2020,OR,6098,6098,0,278,-195,182,182,0,2,-1,06/17/2020 03:06:04 PM,Agree,Agree,147
06/17/2020,OR,6218,6007,211,120,211,183,182,1,1,1,06/18/2020 05:16:14 PM,Agree,Agree,148
06/18/2020,OR,6366,6366,0,148,-211,187,187,0,4,-1,06/19/2020 03:01:11 PM,Agree,Agree,149
06/19/2020,OR,6572,6572,0,206,0,188,188,0,1,0,06/20/2020 02:15:45 PM,Agree,Agree,150
06/20/2020,OR,6750,6750,0,178,0,189,189,0,1,0,06/21/2020 02:32:57 PM,Agree,Agree,151
06/21/2020,OR,6937,6700,237,187,237,190,188,2,1,2,06/22/2020 03:24:02 PM,Agree,Agree,152
06/22/2020,OR,7083,6836,247,146,10,192,190,2,2,0,06/23/2020 02:28:19 PM,Agree,Agree,153
06/23/2020,OR,7274,7018,256,191,9,192,190,2,0,0,06/24/2020 03:03:27 PM,Agree,Agree,154
06/24/2020,OR,7444,7185,259,170,3,195,193,2,3,0,06/25/2020 02:07:27 PM,Agree,Agree,155
06/25/2020,OR,7568,7568,0,124,-259,197,197,0,2,-2,06/26/2020 07:18:27 PM,Agree,Agree,156
06/26/2020,OR,7818,7818,0,250,0,202,202,0,5,0,06/27/2020 05:51:58 PM,Agree,Agree,157
06/27/2020,OR,8094,8094,0,276,0,202,202,0,0,0,06/28/2020 02:59:02 PM,Agree,Agree,158
06/28/2020,OR,8341,8004,337,247,337,202,199,3,0,3,06/29/2020 02:37:31 PM,Agree,Agree,159
06/29/2020,OR,8485,8121,364,144,27,204,201,3,2,0,06/30/2020 03:27:33 PM,Agree,Agree,160
06/30/2020,OR,8656,8265,391,171,27,207,204,3,3,0,07/01/2020 03:45:16 PM,Agree,Agree,161
07/01/2020,OR,8931,8525,406,275,15,208,205,3,1,0,07/02/2020 03:10:03 PM,Agree,Agree,162
07/02/2020,OR,9294,9294,0,363,-406,209,209,0,1,-3,07/03/2020 03:01:33 PM,Agree,Agree,163
07/03/2020,OR,9636,9186,450,342,450,209,206,3,0,3,07/04/2020 03:30:31 PM,Agree,Agree,164
07/04/2020,OR,9930,9469,461,294,11,213,210,3,4,0,07/05/2020 03:00:14 PM,Agree,Agree,165
07/05/2020,OR,10230,10230,0,300,-461,215,215,0,2,-3,07/06/2020 03:16:12 PM,Agree,Agree,166
07/06/2020,OR,10395,9902,493,165,493,215,212,3,0,3,07/07/2020 02:58:02 PM,Agree,Agree,167
07/07/2020,OR,10605,10605,0,210,-493,220,220,0,5,-3,07/08/2020 02:12:08 PM,Agree,Agree,168
07/08/2020,OR,10819,10278,541,214,541,224,221,3,4,3,07/09/2020 03:14:15 PM,Agree,Agree,169
07/09/2020,OR,11188,11188,0,369,-541,230,230,0,6,-3,07/10/2020 03:35:06 PM,Agree,Agree,170
07/10/2020,OR,11454,10881,573,266,573,232,227,5,2,5,07/11/2020 06:25:05 PM,Agree,Agree,171
07/11/2020,OR,11851,11851,0,397,-573,232,232,0,0,-5,07/12/2020 03:13:57 PM,Agree,Agree,172
07/12/2020,OR,12170,12170,0,319,0,234,234,0,2,0,07/13/2020 03:19:34 PM,Agree,Agree,173
07/13/2020,OR,12438,11795,643,268,643,237,233,4,3,4,07/14/2020 03:13:07 PM,Agree,Agree,174
07/14/2020,OR,12805,12805,0,367,-643,244,244,0,7,-4,07/15/2020 03:05:12 PM,Agree,Agree,175
07/15/2020,OR,13081,13081,0,276,0,247,247,0,3,0,07/16/2020 02:22:21 PM,Agree,Agree,176
07/16/2020,OR,13509,13509,0,428,0,249,249,0,2,0,07/17/2020 02:31:01 PM,Agree,Agree,177
07/17/2020,OR,13802,13086,716,293,716,254,250,4,5,4,07/18/2020 04:14:26 PM,Agree,Agree,178
07/18/2020,OR,14149,14149,0,347,-716,257,257,0,3,-4,07/19/2020 03:05:47 PM,Agree,Agree,179
07/19/2020,OR,14579,14579,0,430,0,260,260,0,3,0,07/20/2020 02:35:44 PM,Agree,Agree,180
07/20/2020,OR,14847,14847,0,268,0,262,262,0,2,0,07/21/2020 02:50:17 PM,Agree,Agree,181
07/21/2020,OR,15139,14355,784,292,784,269,265,4,7,4,07/22/2020 02:51:28 PM,Agree,Agree,182
07/22/2020,OR,15394,14587,807,255,23,271,267,4,2,0,07/23/2020 02:48:19 PM,Agree,Agree,183
07/23/2020,OR,15713,14900,813,319,6,273,269,4,2,0,07/24/2020 02:18:40 PM,Agree,Agree,184
07/24/2020,OR,16104,15273,831,391,18,282,277,5,9,1,07/25/2020 05:40:06 PM,Agree,Agree,185
07/25/2020,OR,16492,16492,0,388,-831,286,286,0,4,-5,07/26/2020 03:17:16 PM,Agree,Agree,186
07/26/2020,OR,16758,16758,0,266,0,289,289,0,3,0,07/27/2020 02:16:42 PM,Agree,Agree,187
07/27/2020,OR,17088,17088,0,330,0,289,289,0,0,0,07/28/2020 02:21:07 PM,Agree,Agree,188
07/28/2020,OR,17416,17416,0,328,0,303,303,0,14,0,07/29/2020 02:34:46 PM,Agree,Agree,189
07/29/2020,OR,17721,16815,906,305,906,311,305,6,8,6,07/30/2020 02:42:43 PM,Agree,Agree,190
07/30/2020,OR,18131,17872,259,410,-647,316,310,6,5,0,07/31/2020 02:35:06 PM,Agree,Agree,191
07/31/2020,OR,18493,17541,952,362,693,322,316,6,6,0,08/01/2020 02:38:12 PM,Agree,Agree,192
08/01/2020,OR,18817,18817,0,324,-952,325,325,0,3,-6,08/02/2020 02:54:37 PM,Agree,Agree,193
08/02/2020,OR,19097,19097,0,280,0,326,326,0,1,0,08/03/2020 02:31:01 PM,Agree,Agree,194
08/03/2020,OR,19366,19366,0,269,0,328,328,0,2,0,08/04/2020 02:09:35 PM,Agree,Agree,195
08/04/2020,OR,19699,19699,0,333,0,333,333,0,5,0,08/05/2020 02:13:18 PM,Agree,Agree,196
08/05/2020,OR,19978,18935,1043,279,1043,338,332,6,5,6,08/06/2020 02:12:27 PM,Agree,Agree,197
08/06/2020,OR,20225,19182,1043,247,0,339,333,6,1,0,08/07/2020 11:57:59 PM,Agree,Agree,198
08/07/2020,OR,20636,20636,0,411,-1043,348,348,0,9,-6,08/08/2020 02:58:44 PM,Agree,Agree,199
08/08/2020,OR,21010,21010,0,374,0,355,355,0,7,0,08/09/2020 02:03:10 PM,Agree,Agree,200
08/09/2020,OR,21272,21272,0,262,0,356,356,0,1,0,08/10/2020 02:23:35 PM,Agree,Agree,201
08/10/2020,OR,21488,21488,0,216,0,357,357,0,1,0,08/11/2020 02:16:27 PM,Agree,Agree,202
08/11/2020,OR,21774,20643,1131,286,1131,368,360,8,11,8,08/12/2020 01:50:14 PM,Agree,Agree,203
08/12/2020,OR,22022,20891,1131,248,0,375,367,8,7,0,08/13/2020 02:12:28 PM,Agree,Agree,204
08/13/2020,OR,22300,21169,1131,278,0,383,375,8,8,0,08/14/2020 02:30:03 PM,Agree,Agree,205
08/14/2020,OR,22613,22613,0,313,-1131,385,385,0,2,-8,08/15/2020 02:02:05 PM,Agree,Agree,206
08/15/2020,OR,23018,21887,1131,405,1131,386,378,8,1,8,08/16/2020 02:57:14 PM,Agree,Agree,207
08/16/2020,OR,23744,22613,1131,726,0,393,385,8,7,0,08/17/2020 02:26:31 PM,Agree,Agree,208
08/17/2020,OR,23451,22320,1131,-293,0,396,388,8,3,0,08/18/2020 02:26:55 PM,Agree,Agree,209
08/18/2020,OR,23676,22452,1224,225,93,397,388,9,1,1,08/19/2020 02:23:51 PM,Agree,Agree,210
08/19/2020,OR,23870,22646,1224,194,0,408,399,9,11,0,08/20/2020 03:11:45 PM,Agree,Agree,211
08/20/2020,OR,24165,22941,1224,295,0,412,403,9,4,0,08/21/2020 02:27:34 PM,Agree,Agree,212
08/21/2020,OR,24421,24421,0,256,-1224,414,414,0,2,-9,08/22/2020 02:21:09 PM,Agree,Agree,213
08/22/2020,OR,24710,24710,0,289,0,417,417,0,3,0,08/23/2020 02:15:28 PM,Agree,Agree,214
08/23/2020,OR,24937,24937,0,227,0,417,417,0,0,0,08/24/2020 01:54:34 PM,Agree,Agree,215
08/24/2020,OR,25155,25155,0,218,0,420,420,0,3,0,08/25/2020 02:02:54 PM,Agree,Agree,216
08/25/2020,OR,25391,25391,0,236,0,428,428,0,8,0,08/26/2020 01:51:40 PM,Agree,Agree,217
08/26/2020,OR,25571,24289,1282,180,1282,433,422,11,5,11,08/27/2020 01:42:08 PM,Agree,Agree,218
08/27/2020,OR,25761,24482,1279,190,-3,438,427,11,5,0,08/28/2020 01:43:49 PM,Agree,Agree,219
08/28/2020,OR,26054,24775,1279,293,0,447,436,11,9,0,08/29/2020 01:42:50 PM,Agree,Agree,220
08/29/2020,OR,26293,25014,1279,239,0,454,443,11,7,0,08/30/2020 02:49:52 PM,Agree,Agree,221
08/30/2020,OR,26554,25275,1279,261,0,458,447,11,4,0,08/31/2020 02:05:56 PM,Agree,Agree,222
08/31/2020,OR,26713,25434,1279,159,0,459,448,11,1,0,09/01/2020 02:09:34 PM,Agree,Agree,223
09/01/2020,OR,26946,25639,1307,233,28,465,453,12,6,1,09/02/2020 01:49:48 PM,Agree,Agree,224
09/02/2020,OR,27075,25768,1307,129,0,468,456,12,3,0,09/03/2020 02:18:16 PM,Agree,Agree,225
09/03/2020,OR,27336,26029,1307,261,0,470,458,12,2,0,09/04/2020 01:36:16 PM,Agree,Agree,226
09/04/2020,OR,27601,26294,1307,265,0,475,463,12,5,0,09/05/2020 02:09:45 PM,Agree,Agree,227
09/05/2020,OR,27856,26549,1307,255,0,480,468,12,5,0,09/06/2020 02:09:04 PM,Agree,Agree,228
09/06/2020,OR,28044,26737,1307,188,0,481,469,12,1,0,09/07/2020 01:37:36 PM,Agree,Agree,229
09/07/2020,OR,28190,26883,1307,146,0,482,470,12,1,0,09/08/2020 02:47:00 PM,Agree,Agree,230
09/08/2020,OR,28355,26988,1367,165,60,486,473,13,4,1,09/09/2020 01:47:50 PM,Agree,Agree,231
09/09/2020,OR,28471,27104,1367,116,0,494,481,13,8,0,09/10/2020 02:02:53 PM,Agree,Agree,232
09/10/2020,OR,28654,27287,1367,183,0,497,484,13,3,0,09/11/2020 01:51:03 PM,Agree,Agree,233
09/11/2020,OR,28865,27498,1367,211,0,499,486,13,2,0,09/12/2020 02:12:43 PM,Agree,Agree,234
09/12/2020,OR,29156,27789,1367,291,0,505,492,13,6,0,09/13/2020 04:17:15 PM,Agree,Agree,235
09/13/2020,OR,29337,27970,1367,181,0,509,496,13,4,0,09/14/2020 02:01:21 PM,Agree,Agree,236
09/14/2020,OR,29484,28117,1367,147,0,511,498,13,2,0,09/15/2020 02:03:59 PM,Agree,Agree,237
09/15/2020,OR,29662,28223,1439,178,72,519,505,14,8,1,09/16/2020 01:53:41 PM,Agree,Agree,238
09/16/2020,OR,29850,28411,1439,188,0,521,507,14,2,0,09/17/2020 01:45:45 PM,Agree,Agree,239
09/17/2020,OR,30060,28621,1439,210,0,521,507,14,0,0,09/18/2020 01:48:37 PM,Agree,Agree,240
09/18/2020,OR,30342,28903,1439,282,0,521,507,14,0,0,09/19/2020 02:00:26 PM,Agree,Agree,241
09/19/2020,OR,30599,29160,1439,257,0,525,511,14,4,0,09/20/2020 01:53:10 PM,Agree,Agree,242
09/20/2020,OR,30801,29362,1439,202,0,526,512,14,1,0,09/21/2020 01:47:41 PM,Agree,Agree,243
09/21/2020,OR,30995,29556,1439,194,0,529,515,14,3,0,09/22/2020 01:51:57 PM,Agree,Agree,244
09/22/2020,OR,31313,29874,1439,318,0,532,518,14,3,0,09/23/2020 01:51:22 PM,Agree,Agree,245
09/23/2020,OR,31503,30064,1439,190,0,538,524,14,6,0,09/24/2020 01:54:02 PM,Agree,Agree,246
09/24/2020,OR,31865,30316,1549,362,110,539,526,13,1,-1,09/25/2020 01:54:10 PM,Agree,Agree,247
09/25/2020,OR,32314,30765,1549,449,0,542,529,13,3,0,09/26/2020 01:46:07 PM,Agree,Agree,248
09/26/2020,OR,32581,31032,1549,267,0,546,533,13,4,0,09/27/2020 01:39:49 PM,Agree,Agree,249
09/27/2020,OR,32820,31271,1549,239,0,547,534,13,1,0,09/28/2020 01:50:59 PM,Agree,Agree,250
09/28/2020,OR,32994,31390,1604,174,55,547,533,14,0,1,09/29/2020 01:50:42 PM,Agree,Agree,251
09/29/2020,OR,33291,31678,1613,297,9,555,541,14,8,0,09/30/2020 02:17:41 PM,Agree,Agree,252
09/30/2020,OR,33509,31896,1613,218,0,559,545,14,4,0,10/01/2020 01:42:11 PM,Agree,Agree,253
10/01/2020,OR,33862,32201,1661,353,48,560,545,15,1,1,10/02/2020 01:40:08 PM,Agree,Agree,254
10/02/2020,OR,34163,32502,1661,301,0,563,548,15,3,0,10/03/2020 01:39:53 PM,Agree,Agree,255
10/03/2020,OR,34511,32850,1661,348,0,571,556,15,8,0,10/04/2020 01:35:23 PM,Agree,Agree,256
10/04/2020,OR,34770,33109,1661,259,0,572,557,15,1,0,10/05/2020 01:49:47 PM,Agree,Agree,257
10/05/2020,OR,35049,33329,1720,279,59,572,557,15,0,0,10/06/2020 01:33:58 PM,Agree,Agree,258
10/06/2020,OR,35340,33620,1720,291,0,581,566,15,9,0,10/07/2020 01:45:01 PM,Agree,Agree,259
10/07/2020,OR,35634,33914,1720,294,0,583,568,15,2,0,10/08/2020 01:56:57 PM,Agree,Agree,260
10/08/2020,OR,36116,34396,1720,482,0,594,579,15,11,0,10/09/2020 01:43:36 PM,Agree,Agree,261
10/09/2020,OR,36526,34806,1720,410,0,597,582,15,3,0,10/10/2020 01:30:17 PM,Agree,Agree,262
10/10/2020,OR,36526,34806,1720,0,0,597,582,15,0,0,10/11/2020 01:47:22 PM,Agree,Agree,263
10/11/2020,OR,37255,35535,1720,729,0,599,584,15,2,0,10/12/2020 02:07:08 PM,Agree,Agree,264
10/12/2020,OR,37467,35747,1720,212,0,599,584,15,0,0,10/13/2020 01:29:38 PM,Agree,Agree,265
10/13/2020,OR,37780,36060,1720,313,0,605,590,15,6,0,10/14/2020 01:28:39 PM,Agree,Agree,266
10/14/2020,OR,38160,36440,1720,380,0,608,593,15,3,0,10/15/2020 01:30:46 PM,Agree,Agree,267
10/15/2020,OR,38525,36805,1720,365,0,611,596,15,3,0,10/16/2020 01:33:55 PM,Agree,Agree,268
10/16/2020,OR,38935,37215,1720,410,0,617,602,15,6,0,10/17/2020 02:09:18 PM,Agree,Agree,269
10/17/2020,OR,39316,37596,1720,381,0,620,605,15,3,0,10/18/2020 01:26:54 PM,Agree,Agree,270
10/18/2020,OR,39532,37812,1720,216,0,620,605,15,0,0,10/19/2020 02:06:44 PM,Agree,Agree,271
10/19/2020,OR,39794,38074,1720,262,0,628,613,15,8,0,10/20/2020 02:59:27 PM,Agree,Agree,272
10/20/2020,OR,40136,38416,1720,342,0,633,618,15,5,0,10/21/2020 01:34:31 PM,Agree,Agree,273
10/21/2020,OR,40443,38723,1720,307,0,635,620,15,2,0,10/22/2020 01:34:46 PM,Agree,Agree,274
10/22/2020,OR,40810,39090,1720,367,0,646,631,15,11,0,10/23/2020 01:44:31 PM,Agree,Agree,275
10/23/2020,OR,41348,39628,1720,538,0,649,634,15,3,0,10/24/2020 01:26:44 PM,Agree,Agree,276
10/24/2020,OR,41348,39628,1720,0,0,649,634,15,0,0,10/25/2020 01:45:35 PM,Agree,Agree,277
10/25/2020,OR,42101,40381,1720,753,0,653,638,15,4,0,10/26/2020 01:41:41 PM,Agree,Agree,278
10/26/2020,OR,42436,40716,1720,335,0,655,640,15,2,0,10/27/2020 01:47:53 PM,Agree,Agree,279
10/27/2020,OR,42808,41088,1720,372,0,664,649,15,9,0,10/28/2020 01:52:28 PM,Agree,Agree,280
10/28/2020,OR,43228,41508,1720,420,0,671,656,15,7,0,10/29/2020 02:11:33 PM,Agree,Agree,281
10/29/2020,OR,43793,42073,1720,565,0,673,658,15,2,0,10/30/2020 01:37:23 PM,Agree,Agree,282
10/30/2020,OR,44388,42668,1720,595,0,675,660,15,2,0,10/31/2020 01:30:31 PM,Agree,Agree,283
10/31/2020,OR,44921,43201,1720,533,0,689,674,15,14,0,11/01/2020 03:03:08 PM,Agree,Agree,284
11/01/2020,OR,45429,43709,1720,508,0,691,676,15,2,0,11/02/2020 02:53:09 PM,Agree,Agree,285
11/02/2020,OR,45978,44258,1720,549,0,692,677,15,1,0,11/03/2020 02:57:05 PM,Agree,Agree,286
11/03/2020,OR,46460,44740,1720,482,0,701,686,15,9,0,11/04/2020 03:03:00 PM,Agree,Agree,287
11/04/2020,OR,47049,45329,1720,589,0,705,690,15,4,0,11/05/2020 02:39:23 PM,Agree,Agree,288
11/05/2020,OR,47839,46119,1720,790,0,710,695,15,5,0,11/06/2020 03:33:41 PM,Agree,Agree,289
11/06/2020,OR,48608,46888,1720,769,0,716,701,15,6,0,11/07/2020 02:45:17 PM,Agree,Agree,290
11/07/2020,OR,49587,47867,1720,979,0,729,714,15,13,0,11/08/2020 02:40:34 PM,Agree,Agree,291
11/08/2020,OR,50448,48728,1720,861,0,730,715,15,1,0,11/09/2020 02:38:54 PM,Agree,Agree,292
11/09/2020,OR,51155,49435,1720,707,0,734,719,15,4,0,11/10/2020 02:45:45 PM,Agree,Agree,293
11/10/2020,OR,51909,50189,1720,754,0,737,722,15,3,0,11/11/2020 03:15:25 PM,Agree,Agree,294
11/11/2020,OR,52770,51050,1720,861,0,742,727,15,5,0,11/12/2020 02:55:21 PM,Agree,Agree,295
11/12/2020,OR,53879,52159,1720,1109,0,746,731,15,4,0,11/13/2020 02:54:34 PM,Agree,Agree,296
11/13/2020,OR,54937,53217,1720,1058,0,753,738,15,7,0,11/14/2020 02:44:40 PM,Agree,Agree,297
11/14/2020,OR,56018,54298,1720,1081,0,759,744,15,6,0,11/15/2020 03:12:13 PM,Agree,Agree,298
11/15/2020,OR,56880,55160,1720,862,0,761,746,15,2,0,11/16/2020 06:40:02 PM,Agree,Agree,299
11/16/2020,OR,57646,55926,1720,766,0,765,750,15,4,0,11/17/2020 02:52:47 PM,Agree,Agree,300
11/17/2020,OR,58570,56850,1720,924,0,778,763,15,13,0,11/18/2020 02:57:46 PM,Agree,Agree,301
11/18/2020,OR,59669,57949,1720,1099,0,788,773,15,10,0,11/19/2020 03:01:36 PM,Agree,Agree,302
11/19/2020,OR,60873,59153,1720,1204,0,808,793,15,20,0,11/20/2020 03:06:16 PM,Agree,Agree,303
11/20/2020,OR,62175,60455,1720,1302,0,812,797,15,4,0,11/21/2020 02:59:41 PM,Agree,Agree,304
11/21/2020,OR,63668,61948,1720,1493,0,819,804,15,7,0,11/22/2020 03:02:23 PM,Agree,Agree,305
11/22/2020,OR,65170,63450,1720,1502,0,820,805,15,1,0,11/23/2020 03:04:35 PM,Agree,Agree,306
11/23/2020,OR,66333,64613,1720,1163,0,826,811,15,6,0,11/24/2020 03:27:55 PM,Agree,Agree,307
11/24/2020,OR,67333,65613,1720,1000,0,847,832,15,21,0,11/25/2020 02:53:15 PM,Agree,Agree,308
11/25/2020,OR,68503,66783,1720,1170,0,867,852,15,20,0,11/26/2020 02:44:21 PM,Agree,Agree,309
11/26/2020,OR,70006,68286,1720,1503,0,882,867,15,15,0,11/27/2020 03:07:59 PM,Agree,Agree,310
11/27/2020,OR,70832,69112,1720,826,0,885,870,15,3,0,11/28/2020 02:46:47 PM,Agree,Agree,311
11/28/2020,OR,72506,70786,1720,1674,0,896,881,15,11,0,11/29/2020 02:49:08 PM,Agree,Agree,312
11/29/2020,OR,74120,72400,1720,1614,0,905,890,15,9,0,11/30/2020 02:51:40 PM,Agree,Agree,313
11/30/2020,OR,75431,73711,1720,1311,0,912,897,15,7,0,12/01/2020 03:26:07 PM,Agree,Agree,314
12/01/2020,OR,76654,74934,1720,1223,0,936,921,15,24,0,12/02/2020 03:48:48 PM,Agree,Agree,315
12/02/2020,OR,78160,76440,1720,1506,0,953,938,15,17,0,12/03/2020 03:21:08 PM,Agree,Agree,316
12/03/2020,OR,79293,77573,1720,1133,0,973,958,15,20,0,12/04/2020 03:00:59 PM,Agree,Agree,317
12/04/2020,OR,81437,79717,1720,2144,0,1003,988,15,30,0,12/05/2020 02:29:17 PM,Agree,Agree,318
12/05/2020,OR,83243,81523,1720,1806,0,1027,1012,15,24,0,12/06/2020 02:51:16 PM,Agree,Agree,319
12/06/2020,OR,84496,82776,1720,1253,0,1033,1018,15,6,0,12/07/2020 02:38:33 PM,Agree,Agree,320
12/07/2020,OR,85788,84068,1720,1292,0,1045,1030,15,12,0,12/08/2020 02:59:49 PM,Agree,Agree,321
12/08/2020,OR,87082,85362,1720,1294,0,1080,1065,15,35,0,12/09/2020 02:45:40 PM,Agree,Agree,322
12/09/2020,OR,88287,86567,1720,1205,0,1110,1095,15,30,0,12/10/2020 02:50:16 PM,Agree,Agree,323
12/10/2020,OR,89838,88118,1720,1551,0,1123,1108,15,13,0,12/11/2020 03:06:51 PM,Agree,Agree,324
12/11/2020,OR,91420,89700,1720,1582,0,1138,1123,15,15,0,12/12/2020 02:59:37 PM,Agree,Agree,325
12/12/2020,OR,92839,91119,1720,1419,0,1150,1135,15,12,0,12/13/2020 02:31:19 PM,Agree,Agree,326
12/13/2020,OR,93853,92133,1720,1014,0,1155,1140,15,5,0,12/14/2020 02:36:45 PM,Agree,Agree,327
12/14/2020,OR,95010,93290,1720,1157,0,1161,1146,15,6,0,12/15/2020 02:39:02 PM,Agree,Agree,328
12/15/2020,OR,96092,94372,1720,1082,0,1213,1198,15,52,0,12/16/2020 02:28:57 PM,Agree,Agree,329
12/16/2020,OR,97622,95902,1720,1530,0,1262,1247,15,49,0,12/17/2020 02:33:42 PM,Agree,Agree,330
12/17/2020,OR,98936,97216,1720,1314,0,1283,1268,15,21,0,12/18/2020 02:45:01 PM,Agree,Agree,331
12/18/2020,OR,100308,98588,1720,1372,0,1304,1289,15,21,0,12/19/2020 02:42:31 PM,Agree,Agree,332
12/19/2020,OR,101814,100094,1720,1506,0,1340,1325,15,36,0,12/20/2020 02:32:33 PM,Agree,Agree,333
12/20/2020,OR,102930,101210,1720,1116,0,1341,1326,15,1,0,12/21/2020 02:39:53 PM,Agree,Agree,334
12/21/2020,OR,103755,102035,1720,825,0,1347,1332,15,6,0,12/22/2020 02:35:48 PM,Agree,Agree,335
12/22/2020,OR,105073,103353,1720,1318,0,1382,1367,15,35,0,12/23/2020 02:36:58 PM,Agree,Agree,336
12/23/2020,OR,105970,104250,1720,897,0,1403,1388,15,21,0,12/24/2020 02:31:20 PM,Agree,Agree,337
12/24/2020,OR,106821,105101,1720,851,0,1415,1400,15,12,0,12/25/2020 02:25:34 PM,Agree,Agree,338
12/25/2020,OR,107718,105998,1720,897,0,1422,1407,15,7,0,12/26/2020 02:34:18 PM,Agree,Agree,339
12/26/2020,OR,108326,106606,1720,608,0,1422,1407,15,0,0,12/27/2020 02:44:47 PM,Agree,Agree,340
12/27/2020,OR,109725,108005,1720,1399,0,1427,1412,15,5,0,12/28/2020 02:42:49 PM,Agree,Agree,341
12/28/2020,OR,110545,108825,1720,820,0,1433,1418,15,6,0,12/29/2020 02:56:32 PM,Agree,Agree,342
12/29/2020,OR,111227,109507,1720,682,0,1449,1434,15,16,0,12/30/2020 02:56:20 PM,Agree,Agree,343
12/30/2020,OR,112260,110540,1720,1033,0,1468,1453,15,19,0,12/31/2020 02:55:07 PM,Agree,Agree,344
12/31/2020,OR,113909,112189,1720,1649,0,1477,1462,15,9,0,01/01/2021 02:49:07 PM,Agree,Agree,345
01/01/2021,OR,113909,112189,1720,0,0,1477,1462,15,0,0,01/02/2021 02:50:51 PM,Agree,Agree,346
01/02/2021,OR,116348,114628,1720,2439,0,1492,1477,15,15,0,01/03/2021 02:53:25 PM,Agree,Agree,347
01/03/2021,OR,117745,116025,1720,1397,0,1500,1485,15,8,0,01/04/2021 02:55:45 PM,Agree,Agree,348
01/04/2021,OR,118453,116733,1720,708,0,1506,1491,15,6,0,01/05/2021 03:00:42 PM,Agree,Agree,349
01/05/2021,OR,119488,117768,1720,1035,0,1550,1535,15,44,0,01/06/2021 02:58:26 PM,Agree,Agree,350
01/06/2021,OR,120223,118503,1720,735,0,1558,1543,15,8,0,01/07/2021 02:56:59 PM,Agree,Agree,351
01/07/2021,OR,121085,119365,1720,862,0,1568,1553,15,10,0,01/08/2021 03:56:01 PM,Agree,Agree,352
01/08/2021,OR,122847,121127,1720,1762,0,1575,1560,15,7,0,01/09/2021 03:26:08 PM,Agree,Agree,353
01/09/2021,OR,124476,122756,1720,1629,0,1603,1588,15,28,0,01/10/2021 04:10:55 PM,Agree,Agree,354
01/10/2021,OR,125683,123963,1720,1207,0,1605,1590,15,2,0,01/11/2021 03:01:02 PM,Agree,Agree,355
01/11/2021,OR,126607,124887,1720,924,0,1613,1598,15,8,0,01/12/2021 02:48:35 PM,Agree,Agree,356
01/12/2021,OR,127780,126060,1720,1173,0,1667,1652,15,54,0,01/13/2021 02:44:58 PM,Agree,Agree,357
01/13/2021,OR,129109,127389,1720,1329,0,1708,1693,15,41,0,01/14/2021 03:12:46 PM,Agree,Agree,358
01/14/2021,OR,130246,128526,1720,1137,0,1737,1722,15,29,0,01/15/2021 02:46:04 PM,Agree,Agree,359
01/15/2021,OR,131258,129538,1720,1012,0,1758,1743,15,21,0,01/16/2021 02:46:10 PM,Agree,Agree,360
01/16/2021,OR,132412,130692,1720,1154,0,1799,1784,15,41,0,01/17/2021 03:43:14 PM,Agree,Agree,361
01/17/2021,OR,133205,131485,1720,793,0,1800,1785,15,1,0,01/18/2021 02:39:32 PM,Agree,Agree,362
01/18/2021,OR,133851,132131,1720,646,0,1803,1788,15,3,0,01/19/2021 02:37:00 PM,Agree,Agree,363
01/19/2021,OR,134468,132748,1720,617,0,1808,1793,15,5,0,01/20/2021 02:44:03 PM,Agree,Agree,364
01/20/2021,OR,135142,133422,1720,674,0,1832,1817,15,24,0,01/21/2021 02:44:32 PM,Agree,Agree,365
01/21/2021,OR,135973,134253,1720,831,0,1843,1828,15,11,0,01/22/2021 02:51:49 PM,Agree,Agree,366
01/22/2021,OR,136839,135119,1720,866,0,1865,1850,15,22,0,01/23/2021 02:50:13 PM,Agree,Agree,367
01/23/2021,OR,137600,135880,1720,761,0,1877,1862,15,12,0,01/24/2021 02:36:49 PM,Agree,Agree,368
01/24/2021,OR,138168,136448,1720,568,0,1880,1865,15,3,0,01/25/2021 02:42:40 PM,Agree,Agree,369
01/25/2021,OR,138587,136867,1720,419,0,1882,1867,15,2,0,01/26/2021 02:46:01 PM,Agree,Agree,370
01/26/2021,OR,139355,137635,1720,768,0,1904,1889,15,22,0,01/27/2021 02:53:24 PM,Agree,Agree,371
01/27/2021,OR,140063,138343,1720,708,0,1924,1909,15,20,0,01/28/2021 02:49:07 PM,Agree,Agree,372
01/28/2021,OR,140783,139063,1720,720,0,1930,1915,15,6,0,01/29/2021 02:42:19 PM,Agree,Agree,373
01/29/2021,OR,141729,140009,1720,946,0,1938,1923,15,8,0,01/30/2021 02:43:11 PM,Agree,Agree,374
01/30/2021,OR,142416,140696,1720,687,0,1957,1942,15,19,0,01/31/2021 02:48:12 PM,Agree,Agree,375
01/31/2021,OR,142416,140696,1720,0,0,1957,1942,15,0,0,02/01/2021 02:50:29 PM,Agree,Agree,376
02/01/2021,OR,143373,141653,1720,957,0,1958,1943,15,1,0,02/02/2021 02:51:51 PM,Agree,Agree,377
02/02/2021,OR,143978,142258,1720,605,0,1981,1966,15,23,0,02/03/2021 02:55:58 PM,Agree,Agree,378
02/03/2021,OR,144605,142885,1720,627,0,1991,1976,15,10,0,02/04/2021 02:53:58 PM,Agree,Agree,379
02/04/2021,OR,145320,143600,1720,715,0,1991,1976,15,0,0,02/05/2021 02:54:41 PM,Agree,Agree,380
02/05/2021,OR,146137,144417,1720,817,0,2002,1987,15,11,0,02/06/2021 04:05:17 PM,Agree,Agree,381
02/06/2021,OR,146741,145021,1720,604,0,2019,2004,15,17,0,02/07/2021 02:46:31 PM,Agree,Agree,382
02/07/2021,OR,147122,145402,1720,381,0,2023,2008,15,4,0,02/08/2021 02:53:12 PM,Agree,Agree,383
02/08/2021,OR,147419,145699,1720,297,0,2024,2009,15,1,0,02/09/2021 03:24:29 PM,Agree,Agree,384
02/09/2021,OR,147932,146212,1720,513,0,2031,2016,15,7,0,02/10/2021 02:52:16 PM,Agree,Agree,385
02/10/2021,OR,148475,146755,1720,543,0,2044,2029,15,13,0,02/11/2021 02:50:55 PM,Agree,Agree,386
02/11/2021,OR,149082,147362,1720,607,0,2056,2041,15,12,0,02/12/2021 02:56:38 PM,Agree,Agree,387
02/12/2021,OR,149576,147856,1720,494,0,2094,2079,15,38,0,02/13/2021 02:50:08 PM,Agree,Agree,388
02/13/2021,OR,150034,148314,1720,458,0,2137,2122,15,43,0,02/14/2021 02:51:00 PM,Agree,Agree,389
02/14/2021,OR,150281,148561,1720,247,0,2137,2122,15,0,0,02/15/2021 02:46:24 PM,Agree,Agree,390
02/15/2021,OR,150464,148744,1720,183,0,2137,2122,15,0,0,02/16/2021 02:53:06 PM,Agree,Agree,391
02/16/2021,OR,150875,149155,1720,411,0,2138,2123,15,1,0,02/17/2021 02:51:58 PM,Agree,Agree,392
02/17/2021,OR,151257,149537,1720,382,0,2143,2128,15,5,0,02/18/2021 02:43:57 PM,Agree,Agree,393
02/18/2021,OR,151713,149993,1720,456,0,2149,2134,15,6,0,02/19/2021 03:33:51 PM,Agree,Agree,394
02/19/2021,OR,152190,150470,1720,477,0,2149,2134,15,0,0,02/20/2021 02:45:37 PM,Agree,Agree,395
02/20/2021,OR,152711,150991,1720,521,0,2154,2139,15,5,0,02/21/2021 02:57:50 PM,Agree,Agree,396
02/21/2021,OR,152818,151098,1720,107,0,2155,2140,15,1,0,02/22/2021 02:53:38 PM,Agree,Agree,397
02/22/2021,OR,153134,151414,1720,316,0,2155,2140,15,0,0,02/23/2021 02:51:13 PM,Agree,Agree,398
02/23/2021,OR,153645,151925,1720,511,0,2162,2147,15,7,0,02/24/2021 02:56:12 PM,Agree,Agree,399
02/24/2021,OR,154062,152342,1720,417,0,2194,2179,15,32,0,02/25/2021 02:54:32 PM,Agree,Agree,400
02/25/2021,OR,154554,152834,1720,492,0,2204,2189,15,10,0,02/26/2021 03:02:41 PM,Agree,Agree,401
02/26/2021,OR,154878,153158,1720,324,0,2206,2191,15,2,0,02/27/2021 02:51:23 PM,Agree,Agree,402
02/27/2021,OR,155315,153595,1720,437,0,2208,2193,15,2,0,02/28/2021 02:48:18 PM,Agree,Agree,403
02/28/2021,OR,155597,153877,1720,282,0,2208,2193,15,0,0,03/01/2021 03:21:38 PM,Agree,Agree,404
03/01/2021,OR,155787,154067,1720,190,0,2212,2197,15,4,0,03/02/2021 02:54:47 PM,Agree,Agree,405
03/02/2021,OR,156037,154317,1720,250,0,2225,2210,15,13,0,03/03/2021 03:20:17 PM,Agree,Agree,406
03/03/2021,OR,156287,154567,1720,250,0,2252,2237,15,27,0,03/04/2021 03:08:33 PM,Agree,Agree,407
03/04/2021,OR,156673,154953,1720,386,0,2284,2269,15,32,0,03/05/2021 04:11:33 PM,Agree,Agree,408
03/05/2021,OR,156884,155164,1720,211,0,2293,2278,15,9,0,03/06/2021 03:08:48 PM,Agree,Agree,409
03/06/2021,OR,157079,157079,0,195,-1720,2296,2296,0,3,-15,03/07/2021 02:51:40 PM,Agree,Agree,410
03/07/2021,OR,157285,157285,0,206,0,2296,2296,0,0,0,03/08/2021 02:47:36 PM,Agree,Agree,411
03/08/2021,OR,157515,157515,0,230,0,2298,2298,0,2,0,03/09/2021 02:47:41 PM,Agree,Agree,412
03/09/2021,OR,158007,158007,0,492,0,2303,2303,0,5,0,03/10/2021 02:58:31 PM,Agree,Agree,413
03/10/2021,OR,158291,158291,0,284,0,2305,2305,0,2,0,03/11/2021 03:36:21 PM,Agree,Agree,414
03/11/2021,OR,158644,158644,0,353,0,2316,2316,0,11,0,03/12/2021 03:20:13 PM,Agree,Agree,415
03/12/2021,OR,159037,159037,0,393,0,2319,2319,0,3,0,03/13/2021 03:19:19 PM,Agree,Agree,416
03/13/2021,OR,159392,159392,0,355,0,2322,2322,0,3,0,03/14/2021 01:53:25 PM,Agree,Agree,417
03/14/2021,OR,159617,159617,0,225,0,2322,2322,0,0,0,03/15/2021 02:03:45 PM,Agree,Agree,418
03/15/2021,OR,159788,159788,0,171,0,2324,2324,0,2,0,03/16/2021 02:12:32 PM,Agree,Agree,419
03/16/2021,OR,160050,160050,0,262,0,2346,2346,0,22,0,03/17/2021 02:24:24 PM,Agree,Agree,420
03/17/2021,OR,160286,160286,0,236,0,2349,2349,0,3,0,03/18/2021 02:01:55 PM,Agree,Agree,421
03/18/2021,OR,160622,160622,0,336,0,2353,2353,0,4,0,03/19/2021 02:25:43 PM,Agree,Agree,422
03/19/2021,OR,160994,160994,0,372,0,2357,2357,0,4,0,03/20/2021 02:03:21 PM,Agree,Agree,423
03/20/2021,OR,161320,161320,0,326,0,2362,2362,0,5,0,03/21/2021 01:54:01 PM,Agree,Agree,424
03/21/2021,OR,161531,161531,0,211,0,2363,2363,0,1,0,03/22/2021 01:57:09 PM,Agree,Agree,425
03/22/2021,OR,161706,161706,0,175,0,2365,2365,0,2,0,03/23/2021 02:05:18 PM,Agree,Agree,426
03/23/2021,OR,162016,162016,0,310,0,2367,2367,0,2,0,03/24/2021 02:16:52 PM,Agree,Agree,427
03/24/2021,OR,162385,162385,0,369,0,2368,2368,0,1,0,03/25/2021 02:25:23 PM,Agree,Agree,428
03/25/2021,OR,162806,162806,0,421,0,2370,2370,0,2,0,03/26/2021 02:14:54 PM,Agree,Agree,429
03/26/2021,OR,163295,163295,0,489,0,2373,2373,0,3,0,03/27/2021 02:01:18 PM,Agree,Agree,430
03/27/2021,OR,163702,163702,0,407,0,2375,2375,0,2,0,03/28/2021 01:52:27 PM,Agree,Agree,431
03/28/2021,OR,163952,163952,0,250,0,2375,2375,0,0,0,03/29/2021 01:48:56 PM,Agree,Agree,432
03/29/2021,OR,164164,164164,0,212,0,2375,2375,0,0,0,03/30/2021 02:06:13 PM,Agree,Agree,433
03/30/2021,OR,164570,164570,0,406,0,2381,2381,0,6,0,03/31/2021 02:08:03 PM,Agree,Agree,434
03/31/2021,OR,165012,165012,0,442,0,2383,2383,0,2,0,04/01/2021 02:13:30 PM,Agree,Agree,435
04/01/2021,OR,165524,165524,0,512,0,2385,2385,0,2,0,04/02/2021 01:56:15 PM,Agree,Agree,436
04/02/2021,OR,166013,166013,0,489,0,2385,2385,0,0,0,04/03/2021 01:51:09 PM,Agree,Agree,437
04/03/2021,OR,166480,166480,0,467,0,2391,2391,0,6,0,04/04/2021 01:43:43 PM,Agree,Agree,438
04/04/2021,OR,166882,166882,0,402,0,2392,2392,0,1,0,04/05/2021 01:43:02 PM,Agree,Agree,439
04/05/2021,OR,167128,167128,0,246,0,2394,2394,0,2,0,04/06/2021 01:43:58 PM,Agree,Agree,440
04/06/2021,OR,167658,167658,0,530,0,2427,2427,0,33,0,04/07/2021 02:25:43 PM,Agree,Agree,441
04/07/2021,OR,168128,168128,0,470,0,2434,2434,0,7,0,04/08/2021 01:46:50 PM,Agree,Agree,442
04/08/2021,OR,168795,168795,0,667,0,2439,2439,0,5,0,04/09/2021 02:11:49 PM,Agree,Agree,443
04/09/2021,OR,169338,169338,0,543,0,2440,2440,0,1,0,04/10/2021 01:45:46 PM,Agree,Agree,444
04/10/2021,OR,170085,170085,0,747,0,2440,2440,0,0,0,04/11/2021 01:50:11 PM,Agree,Agree,445
04/11/2021,OR,170568,170568,0,483,0,2440,2440,0,0,0,04/12/2021 01:39:29 PM,Agree,Agree,446
04/12/2021,OR,170850,170850,0,282,0,2441,2441,0,1,0,04/13/2021 02:00:37 PM,Agree,Agree,447
04/13/2021,OR,171398,171398,0,548,0,2446,2446,0,5,0,04/14/2021 02:34:57 PM,Agree,Agree,448
04/14/2021,OR,172206,172206,0,808,0,2449,2449,0,3,0,04/15/2021 01:58:27 PM,Agree,Agree,449
04/15/2021,OR,172931,172931,0,725,0,2455,2455,0,6,0,04/16/2021 02:12:25 PM,Agree,Agree,450
04/16/2021,OR,173626,173626,0,695,0,2457,2457,0,2,0,04/17/2021 01:58:33 PM,Agree,Agree,451
04/17/2021,OR,174501,174501,0,875,0,2460,2460,0,3,0,04/18/2021 01:41:35 PM,Agree,Agree,452
04/18/2021,OR,175121,175121,0,620,0,2460,2460,0,0,0,04/19/2021 03:04:26 PM,Agree,Agree,453
04/19/2021,OR,175592,175592,0,471,0,2460,2460,0,0,0,04/20/2021 02:59:01 PM,Agree,Agree,454
04/20/2021,OR,176157,176157,0,565,0,2460,2460,0,0,0,04/21/2021 02:12:05 PM,Agree,Agree,455
04/21/2021,OR,177134,177134,0,977,0,2466,2466,0,6,0,04/22/2021 01:56:30 PM,Agree,Agree,456
04/22/2021,OR,178110,178110,0,976,0,2467,2467,0,1,0,04/23/2021 01:57:50 PM,Agree,Agree,457
04/23/2021,OR,179120,179120,0,1010,0,2476,2476,0,9,0,04/24/2021 02:22:34 PM,Agree,Agree,458
04/24/2021,OR,179930,179930,0,810,0,2484,2484,0,8,0,04/25/2021 01:42:01 PM,Agree,Agree,459
04/25/2021,OR,180700,180700,0,770,0,2485,2485,0,1,0,04/26/2021 01:45:41 PM,Agree,Agree,460
04/26/2021,OR,181321,181321,0,621,0,2486,2486,0,1,0,04/27/2021 01:56:18 PM,Agree,Agree,461
04/27/2021,OR,182040,182040,0,719,0,2488,2488,0,2,0,04/28/2021 03:20:12 PM,Agree,Agree,462
04/28/2021,OR,182916,182916,0,876,0,2490,2490,0,2,0,04/29/2021 01:47:03 PM,Agree,Agree,463
04/29/2021,OR,183830,183830,0,914,0,2491,2491,0,1,0,04/30/2021 01:40:40 PM,Agree,Agree,464
04/30/2021,OR,184812,184812,0,982,0,2495,2495,0,4,0,05/01/2021 01:43:22 PM,Agree,Agree,465
05/01/2021,OR,185597,185597,0,785,0,2498,2498,0,3,0,05/02/2021 02:13:07 PM,Agree,Agree,466
05/02/2021,OR,186344,186344,0,747,0,2501,2501,0,3,0,05/03/2021 01:58:14 PM,Agree,Agree,467
05/03/2021,OR,186877,186877,0,533,0,2502,2502,0,1,0,05/04/2021 02:00:10 PM,Agree,Agree,468
05/04/2021,OR,187611,187611,0,734,0,2508,2508,0,6,0,05/05/2021 02:14:20 PM,Agree,Agree,469
05/05/2021,OR,188417,188417,0,806,0,2509,2509,0,1,0,05/06/2021 02:14:04 PM,Agree,Agree,470
05/06/2021,OR,189162,189162,0,745,0,2514,2514,0,5,0,05/07/2021 01:36:40 PM,Agree,Agree,471
05/07/2021,OR,189986,189986,0,824,0,2522,2522,0,8,0,05/08/2021 01:45:22 PM,Agree,Agree,472
05/08/2021,OR,190804,190804,0,818,0,2528,2528,0,6,0,05/09/2021 01:43:24 PM,Agree,Agree,473
05/09/2021,OR,191405,191405,0,601,0,2530,2530,0,2,0,05/10/2021 02:15:36 PM,Agree,Agree,474
05/10/2021,OR,191774,191774,0,369,0,2533,2533,0,3,0,05/11/2021 01:53:24 PM,Agree,Agree,475
05/11/2021,OR,192416,192416,0,642,0,2549,2549,0,16,0,05/12/2021 02:33:56 PM,Agree,Agree,476
05/12/2021,OR,193014,193014,0,598,0,2559,2559,0,10,0,05/13/2021 02:28:07 PM,Agree,Agree,477
05/13/2021,OR,193732,193732,0,718,0,2572,2572,0,13,0,05/14/2021 02:07:22 PM,Agree,Agree,478
05/14/2021,OR,194542,194542,0,810,0,2582,2582,0,10,0,05/15/2021 01:54:58 PM,Agree,Agree,479
05/15/2021,OR,195179,195179,0,637,0,2585,2585,0,3,0,05/16/2021 01:46:12 PM,Agree,Agree,480
05/16/2021,OR,195684,195684,0,505,0,2587,2587,0,2,0,05/17/2021 02:13:39 PM,Agree,Agree,481
05/17/2021,OR,195882,195882,0,198,0,2590,2590,0,3,0,05/18/2021 02:26:44 PM,Agree,Agree,482
05/18/2021,OR,196390,196390,0,508,0,2594,2594,0,4,0,05/19/2021 02:37:49 PM,Agree,Agree,483
05/19/2021,OR,196787,196787,0,397,0,2601,2601,0,7,0,05/20/2021 03:08:06 PM,Agree,Agree,484
05/20/2021,OR,197356,197356,0,569,0,2606,2606,0,5,0,05/21/2021 02:08:46 PM,Agree,Agree,485
05/21/2021,OR,197851,197851,0,495,0,2613,2613,0,7,0,05/22/2021 06:59:37 PM,Agree,Agree,486
05/22/2021,OR,198356,198356,0,505,0,2618,2618,0,5,0,05/23/2021 01:37:59 PM,Agree,Agree,487
05/23/2021,OR,198689,198689,0,333,0,2622,2622,0,4,0,05/24/2021 01:46:58 PM,Agree,Agree,488
05/24/2021,OR,198972,198972,0,283,0,2624,2624,0,2,0,05/25/2021 02:17:06 PM,Agree,Agree,489
05/25/2021,OR,199391,199391,0,419,0,2628,2628,0,4,0,05/26/2021 01:48:32 PM,Agree,Agree,490
05/26/2021,OR,199784,199784,0,393,0,2639,2639,0,11,0,05/27/2021 01:41:41 PM,Agree,Agree,491
05/27/2021,OR,200210,200210,0,426,0,2660,2660,0,21,0,05/28/2021 01:29:21 PM,Agree,Agree,492
05/28/2021,OR,200632,200632,0,422,0,2665,2665,0,5,0,05/29/2021 01:33:02 PM,Agree,Agree,493
05/29/2021,OR,201004,201004,0,372,0,2666,2666,0,1,0,05/30/2021 01:32:12 PM,Agree,Agree,494
05/30/2021,OR,201260,201260,0,256,0,2668,2668,0,2,0,05/31/2021 01:43:43 PM,Agree,Agree,495
05/31/2021,OR,201475,201475,0,215,0,2671,2671,0,3,0,06/01/2021 03:18:33 PM,Agree,Agree,496
06/01/2021,OR,201649,201649,0,174,0,2674,2674,0,3,0,06/02/2021 02:35:40 PM,Agree,Agree,497
06/02/2021,OR,201996,201996,0,347,0,2676,2676,0,2,0,06/03/2021 03:22:54 PM,Agree,Agree,498
06/03/2021,OR,202247,202247,0,251,0,2683,2683,0,7,0,06/04/2021 02:56:57 PM,Agree,Agree,499
06/04/2021,OR,202675,202675,0,428,0,2686,2686,0,3,0,06/05/2021 01:49:07 PM,Agree,Agree,500
06/05/2021,OR,202995,202995,0,320,0,2691,2691,0,5,0,06/06/2021 01:36:52 PM,Agree,Agree,501
06/06/2021,OR,203252,203252,0,257,0,2694,2694,0,3,0,06/07/2021 02:36:26 PM,Agree,Agree,502
06/07/2021,OR,203374,203374,0,122,0,2694,2694,0,0,0,06/08/2021 03:05:30 PM,Agree,Agree,503
06/08/2021,OR,203671,203671,0,297,0,2700,2700,0,6,0,06/09/2021 02:26:44 PM,Agree,Agree,504
06/09/2021,OR,203933,203933,0,262,0,2716,2716,0,16,0,06/10/2021 02:48:23 PM,Agree,Agree,505
06/10/2021,OR,204291,204291,0,358,0,2726,2726,0,10,0,06/11/2021 02:20:54 PM,Agree,Agree,506
06/11/2021,OR,204587,204587,0,296,0,2726,2726,0,0,0,06/12/2021 02:13:34 PM,Agree,Agree,507
06/12/2021,OR,204865,204865,0,278,0,2729,2729,0,3,0,06/13/2021 01:40:53 PM,Agree,Agree,508
06/13/2021,OR,205029,205029,0,164,0,2730,2730,0,1,0,06/14/2021 03:07:59 PM,Agree,Agree,509
06/14/2021,OR,205154,205154,0,125,0,2730,2730,0,0,0,06/15/2021 02:44:13 PM,Agree,Agree,510
06/15/2021,OR,205459,205459,0,305,0,2737,2737,0,7,0,06/16/2021 03:10:20 PM,Agree,Agree,511
06/16/2021,OR,205698,205698,0,239,0,2744,2744,0,7,0,06/17/2021 02:38:09 PM,Agree,Agree,512
06/17/2021,OR,205988,205988,0,290,0,2745,2745,0,1,0,06/18/2021 01:48:26 PM,Agree,Agree,513
06/18/2021,OR,206250,206250,0,262,0,2748,2748,0,3,0,06/18/2021 01:48:26 PM,Agree,Agree,514
06/19/2021,OR,206512,206512,0,262,0,2751,2751,0,3,0,06/18/2021 01:48:26 PM,Agree,Agree,515
06/20/2021,OR,206774,206774,0,262,0,2754,2754,0,3,0,06/21/2021 04:43:32 PM,Agree,Agree,516
06/21/2021,OR,206850,206850,0,76,0,2756,2756,0,2,0,06/22/2021 02:36:11 PM,Agree,Agree,517
06/22/2021,OR,207105,207105,0,255,0,2757,2757,0,1,0,06/23/2021 03:24:06 PM,Agree,Agree,518
06/23/2021,OR,207333,207333,0,228,0,2759,2759,0,2,0,06/24/2021 03:16:23 PM,Agree,Agree,519
06/24/2021,OR,207558,207558,0,225,0,2760,2760,0,1,0,06/25/2021 03:01:46 PM,Agree,Agree,520
06/25/2021,OR,207787,207787,0,229,0,2761,2761,0,1,0,06/26/2021 02:17:39 PM,Agree,Agree,521
06/26/2021,OR,207998,207998,0,211,0,2763,2763,0,2,0,06/28/2021 01:23:06 PM,Agree,Agree,522
06/27/2021,OR,208136,208136,0,138,0,2763,2763,0,0,0,06/28/2021 03:02:46 PM,Agree,Agree,523
06/28/2021,OR,208222,208222,0,86,0,2763,2763,0,0,0,06/29/2021 02:25:53 PM,Agree,Agree,524
06/29/2021,OR,208446,208446,0,224,0,2770,2770,0,7,0,06/30/2021 02:11:39 PM,Agree,Agree,525
06/30/2021,OR,208637,208637,0,191,0,2774,2774,0,4,0,07/01/2021 02:29:33 PM,Agree,Agree,526
07/01/2021,OR,208834,208834,0,197,0,2778,2778,0,4,0,07/02/2021 01:55:07 PM,Agree,Agree,527
07/02/2021,OR,209035,209035,0,201,0,2781,2781,0,3,0,07/03/2021 01:44:06 PM,Agree,Agree,528
07/03/2021,OR,209149,209149,0,114,0,2781,2781,0,0,0,07/05/2021 01:25:13 PM,Agree,Agree,529
07/04/2021,OR,209263,209263,0,114,0,2781,2781,0,0,0,07/05/2021 02:30:02 PM,Agree,Agree,530
07/05/2021,OR,209377,209377,0,114,0,2781,2781,0,0,0,07/06/2021 01:52:24 PM,Agree,Agree,531
07/06/2021,OR,209494,209494,0,117,0,2782,2782,0,1,0,07/07/2021 02:48:49 PM,Agree,Agree,532
07/07/2021,OR,209764,209764,0,270,0,2788,2788,0,6,0,07/08/2021 02:26:57 PM,Agree,Agree,533
07/08/2021,OR,209973,209973,0,209,0,2790,2790,0,2,0,07/09/2021 01:56:56 PM,Agree,Agree,534
07/09/2021,OR,210229,210229,0,256,0,2792,2792,0,2,0,07/10/2021 02:17:36 PM,Agree,Agree,535
07/10/2021,OR,210395,210395,0,166,0,2793,2793,0,1,0,07/12/2021 01:16:46 PM,Agree,Agree,536
07/11/2021,OR,210561,210561,0,166,0,2794,2794,0,1,0,07/12/2021 02:22:55 PM,Agree,Agree,537
07/12/2021,OR,210729,210729,0,168,0,2797,2797,0,3,0,07/13/2021 02:26:25 PM,Agree,Agree,538
07/13/2021,OR,211065,211065,0,336,0,2800,2800,0,3,0,07/14/2021 02:14:34 PM,Agree,Agree,539
07/14/2021,OR,211315,211315,0,250,0,2803,2803,0,3,0,07/15/2021 02:29:47 PM,Agree,Agree,540
07/15/2021,OR,211631,211631,0,316,0,2810,2810,0,7,0,07/16/2021 02:03:13 PM,Agree,Agree,541
07/16/2021,OR,211998,211998,0,367,0,2817,2817,0,7,0,07/17/2021 01:43:02 PM,Agree,Agree,542
07/17/2021,OR,212250,212250,0,252,0,2820,2820,0,3,0,07/19/2021 01:20:07 PM,Agree,Agree,543
07/18/2021,OR,212502,212502,0,252,0,2823,2823,0,3,0,07/19/2021 02:21:19 PM,Agree,Agree,544
07/19/2021,OR,212755,212755,0,253,0,2826,2826,0,3,0,07/20/2021 02:48:47 PM,Agree,Agree,545
07/20/2021,OR,213339,213339,0,584,0,2832,2832,0,6,0,07/21/2021 02:18:34 PM,Agree,Agree,546
07/21/2021,OR,213730,213730,0,391,0,2833,2833,0,1,0,07/22/2021 03:06:50 PM,Agree,Agree,547
07/22/2021,OR,214263,214263,0,533,0,2834,2834,0,1,0,07/23/2021 01:48:31 PM,Agree,Agree,548
07/23/2021,OR,214869,214869,0,606,0,2836,2836,0,2,0,07/24/2021 02:21:11 PM,Agree,Agree,549
07/24/2021,OR,215197,215197,0,328,0,2836,2836,0,0,0,07/26/2021 01:16:36 PM,Agree,Agree,550
07/25/2021,OR,215525,215525,0,328,0,2836,2836,0,0,0,07/26/2021 01:52:25 PM,Agree,Agree,551
07/26/2021,OR,215853,215853,0,328,0,2838,2838,0,2,0,07/27/2021 02:48:23 PM,Agree,Agree,552
07/27/2021,OR,216875,216875,0,1022,0,2843,2843,0,5,0,07/28/2021 01:51:39 PM,Agree,Agree,553
07/28/2021,OR,217690,217690,0,815,0,2849,2849,0,6,0,07/29/2021 01:49:46 PM,Agree,Agree,554
07/29/2021,OR,218689,218689,0,999,0,2855,2855,0,6,0,07/30/2021 02:36:41 PM,Agree,Agree,555
07/30/2021,OR,219755,219755,0,1066,0,2858,2858,0,3,0,07/31/2021 01:56:41 PM,Agree,Agree,556
07/31/2021,OR,220436,220436,0,681,0,2859,2859,0,1,0,08/02/2021 12:48:14 PM,Agree,Agree,557
08/01/2021,OR,221117,221117,0,681,0,2860,2860,0,1,0,08/02/2021 02:03:57 PM,Agree,Agree,558
08/02/2021,OR,221799,221799,0,682,0,2863,2863,0,3,0,08/03/2021 02:29:23 PM,Agree,Agree,559
08/03/2021,OR,223364,223364,0,1565,0,2872,2872,0,9,0,08/04/2021 03:17:10 PM,Agree,Agree,560
08/04/2021,OR,224547,224547,0,1183,0,2877,2877,0,5,0,08/05/2021 02:32:13 PM,Agree,Agree,561
08/05/2021,OR,225919,225919,0,1372,0,2885,2885,0,8,0,08/06/2021 02:53:58 PM,Agree,Agree,562
08/06/2021,OR,226899,226899,0,980,0,2889,2889,0,4,0,08/07/2021 02:00:45 PM,Agree,Agree,563
08/07/2021,OR,227967,227967,0,1068,0,2893,2893,0,4,0,08/09/2021 12:38:43 PM,Agree,Agree,564
08/08/2021,OR,229035,229035,0,1068,0,2897,2897,0,4,0,08/09/2021 02:44:15 PM,Agree,Agree,565
08/09/2021,OR,230103,230103,0,1068,0,2903,2903,0,6,0,08/10/2021 03:30:38 PM,Agree,Agree,566
08/10/2021,OR,232436,232436,0,2333,0,2912,2912,0,9,0,08/11/2021 03:30:51 PM,Agree,Agree,567
08/11/2021,OR,234393,234393,0,1957,0,2920,2920,0,8,0,08/12/2021 03:05:21 PM,Agree,Agree,568
08/12/2021,OR,236698,236698,0,2305,0,2928,2928,0,8,0,08/13/2021 01:45:25 PM,Agree,Agree,569
08/13/2021,OR,238463,238463,0,1765,0,2935,2935,0,7,0,08/14/2021 02:46:52 PM,Agree,Agree,570
08/14/2021,OR,239923,239923,0,1460,0,2939,2939,0,4,0,08/16/2021 12:55:48 PM,Agree,Agree,571
08/15/2021,OR,241383,241383,0,1460,0,2943,2943,0,4,0,08/16/2021 03:23:49 PM,Agree,Agree,572
08/16/2021,OR,242843,242843,0,1460,0,2949,2949,0,6,0,08/17/2021 02:24:04 PM,Agree,Agree,573
08/17/2021,OR,245758,245758,0,2915,0,2964,2964,0,15,0,08/18/2021 02:45:06 PM,Agree,Agree,574
08/18/2021,OR,247866,247866,0,2108,0,2975,2975,0,11,0,08/19/2021 03:10:12 PM,Agree,Agree,575
08/19/2021,OR,250835,250835,0,2969,0,2994,2994,0,19,0,08/20/2021 01:21:34 PM,Agree,Agree,576
08/20/2021,OR,252977,252977,0,2142,0,3012,3012,0,18,0,08/21/2021 01:25:01 PM,Agree,Agree,577
08/21/2021,OR,254532,254532,0,1555,0,3020,3020,0,8,0,08/23/2021 12:48:27 PM,Agree,Agree,578
08/22/2021,OR,256087,256087,0,1555,0,3028,3028,0,8,0,08/23/2021 02:39:48 PM,Agree,Agree,579
08/23/2021,OR,257644,257644,0,1557,0,3036,3036,0,8,0,08/24/2021 02:24:26 PM,Agree,Agree,580
08/24/2021,OR,260425,260425,0,2781,0,3066,3066,0,30,0,08/25/2021 01:58:33 PM,Agree,Agree,581
08/25/2021,OR,263164,263164,0,2739,0,3086,3086,0,20,0,08/26/2021 02:58:37 PM,Agree,Agree,582
08/26/2021,OR,265210,265210,0,2046,0,3095,3095,0,9,0,08/27/2021 02:08:03 PM,Agree,Agree,583
08/27/2021,OR,268401,268401,0,3191,0,3115,3115,0,20,0,08/28/2021 01:53:26 PM,Agree,Agree,584
08/28/2021,OR,270232,270232,0,1831,0,3128,3128,0,13,0,08/30/2021 12:49:04 PM,Agree,Agree,585
08/29/2021,OR,272063,272063,0,1831,0,3141,3141,0,13,0,08/30/2021 02:26:22 PM,Agree,Agree,586
08/30/2021,OR,273896,273896,0,1833,0,3155,3155,0,14,0,08/31/2021 02:57:22 PM,Agree,Agree,587
08/31/2021,OR,276287,276287,0,2391,0,3198,3198,0,43,0,09/01/2021 02:27:14 PM,Agree,Agree,588
09/01/2021,OR,279087,279087,0,2800,0,3221,3221,0,23,0,09/02/2021 01:49:05 PM,Agree,Agree,589
09/02/2021,OR,281513,281513,0,2426,0,3248,3248,0,27,0,09/03/2021 01:38:30 PM,Agree,Agree,590
09/03/2021,OR,283873,283873,0,2360,0,3272,3272,0,24,0,09/04/2021 01:18:29 PM,Agree,Agree,591
09/04/2021,OR,285317,285317,0,1444,0,3285,3285,0,13,0,09/06/2021 01:20:57 PM,Agree,Agree,592
09/05/2021,OR,286761,286761,0,1444,0,3298,3298,0,13,0,09/06/2021 02:27:21 PM,Agree,Agree,593
09/06/2021,OR,288205,288205,0,1444,0,3311,3311,0,13,0,09/07/2021 03:14:40 PM,Agree,Agree,594
09/07/2021,OR,289649,289649,0,1444,0,3326,3326,0,15,0,09/08/2021 03:20:52 PM,Agree,Agree,595
09/08/2021,OR,291978,291978,0,2329,0,3373,3373,0,47,0,09/09/2021 02:36:12 PM,Agree,Agree,596
09/09/2021,OR,294392,294392,0,2414,0,3394,3394,0,21,0,09/10/2021 02:35:13 PM,Agree,Agree,597
09/10/2021,OR,296825,296825,0,2433,0,3414,3414,0,20,0,09/11/2021 01:20:03 PM,Agree,Agree,598
09/11/2021,OR,298384,298384,0,1559,0,3424,3424,0,10,0,09/13/2021 12:52:39 PM,Agree,Agree,599
09/12/2021,OR,299943,299943,0,1559,0,3434,3434,0,10,0,09/13/2021 02:26:59 PM,Agree,Agree,600
09/13/2021,OR,301504,301504,0,1561,0,3446,3446,0,12,0,09/14/2021 02:22:50 PM,Agree,Agree,601
09/14/2021,OR,303532,303532,0,2028,0,3490,3490,0,44,0,09/15/2021 02:35:57 PM,Agree,Agree,602
09/15/2021,OR,305560,305560,0,2028,0,3536,3536,0,46,0,09/16/2021 02:24:46 PM,Agree,Agree,603
09/16/2021,OR,307768,307768,0,2208,0,3547,3547,0,11,0,09/17/2021 01:28:36 PM,Agree,Agree,604
09/17/2021,OR,309841,309841,0,2073,0,3569,3569,0,22,0,09/18/2021 01:43:14 PM,Agree,Agree,605
09/18/2021,OR,310947,310947,0,1106,0,3577,3577,0,8,0,09/20/2021 12:14:02 PM,Agree,Agree,606
09/19/2021,OR,312053,312053,0,1106,0,3585,3585,0,8,0,09/20/2021 01:47:59 PM,Agree,Agree,607
09/20/2021,OR,313161,313161,0,1108,0,3594,3594,0,9,0,09/21/2021 02:33:33 PM,Agree,Agree,608
09/21/2021,OR,314841,314841,0,1680,0,3624,3624,0,30,0,09/22/2021 02:04:47 PM,Agree,Agree,609
09/22/2021,OR,317107,317107,0,2266,0,3649,3649,0,25,0,09/23/2021 02:07:24 PM,Agree,Agree,610
09/23/2021,OR,318915,318915,0,1808,0,3661,3661,0,12,0,09/24/2021 01:56:18 PM,Agree,Agree,611
09/24/2021,OR,320990,320990,0,2075,0,3682,3682,0,21,0,09/25/2021 01:25:43 PM,Agree,Agree,612
09/25/2021,OR,322183,322183,0,1193,0,3691,3691,0,9,0,09/27/2021 01:21:43 PM,Agree,Agree,613
09/26/2021,OR,323376,323376,0,1193,0,3700,3700,0,9,0,09/27/2021 02:29:10 PM,Agree,Agree,614
09/27/2021,OR,324571,324571,0,1195,0,3709,3709,0,9,0,09/28/2021 02:30:08 PM,Agree,Agree,615
09/28/2021,OR,326191,326191,0,1620,0,3750,3750,0,41,0,09/29/2021 03:04:06 PM,Agree,Agree,616
09/29/2021,OR,328184,328184,0,1993,0,3771,3771,0,21,0,09/30/2021 02:57:48 PM,Agree,Agree,617
09/30/2021,OR,330054,330054,0,1870,0,3791,3791,0,20,0,10/01/2021 01:23:39 PM,Agree,Agree,618
10/01/2021,OR,331709,331709,0,1655,0,3815,3815,0,24,0,10/02/2021 01:37:53 PM,Agree,Agree,619
10/02/2021,OR,332796,332796,0,1087,0,3817,3817,0,2,0,10/04/2021 12:47:32 PM,Agree,Agree,620
10/03/2021,OR,333883,333883,0,1087,0,3819,3819,0,2,0,10/04/2021 01:57:57 PM,Agree,Agree,621
10/04/2021,OR,334971,334971,0,1088,0,3823,3823,0,4,0,10/05/2021 01:39:21 PM,Agree,Agree,622
10/05/2021,OR,336598,336598,0,1627,0,3867,3867,0,44,0,10/06/2021 02:06:06 PM,Agree,Agree,623
10/06/2021,OR,338130,338130,0,1532,0,3900,3900,0,33,0,10/07/2021 02:06:32 PM,Agree,Agree,624
10/07/2021,OR,339556,339556,0,1426,0,3959,3959,0,59,0,10/08/2021 01:43:16 PM,Agree,Agree,625
10/08/2021,OR,341113,341113,0,1557,0,3982,3982,0,23,0,10/09/2021 01:32:02 PM,Agree,Agree,626
10/09/2021,OR,342073,342073,0,960,0,3988,3988,0,6,0,10/11/2021 01:19:41 PM,Agree,Agree,627
10/10/2021,OR,343033,343033,0,960,0,3994,3994,0,6,0,10/11/2021 02:09:22 PM,Agree,Agree,628
10/11/2021,OR,343993,343993,0,960,0,4002,4002,0,8,0,10/12/2021 02:00:10 PM,Agree,Agree,629
10/12/2021,OR,345344,345344,0,1351,0,4084,4084,0,82,0,10/13/2021 02:39:10 PM,Agree,Agree,630
10/13/2021,OR,346480,346480,0,1136,0,4117,4117,0,33,0,10/14/2021 02:14:59 PM,Agree,Agree,631
10/14/2021,OR,347616,347616,0,1136,0,4141,4141,0,24,0,10/15/2021 01:51:07 PM,Agree,Agree,632
10/15/2021,OR,348766,348766,0,1150,0,4161,4161,0,20,0,10/16/2021 01:26:43 PM,Agree,Agree,633
10/16/2021,OR,349852,349852,0,1086,0,4169,4169,0,8,0,10/18/2021 12:41:38 PM,Agree,Agree,634
10/17/2021,OR,350938,350938,0,1086,0,4177,4177,0,8,0,10/18/2021 01:49:53 PM,Agree,Agree,635
10/18/2021,OR,352026,352026,0,1088,0,4185,4185,0,8,0,10/19/2021 03:01:15 PM,Agree,Agree,636
10/19/2021,OR,353368,353368,0,1342,0,4226,4226,0,41,0,10/20/2021 02:03:53 PM,Agree,Agree,637
10/20/2021,OR,354681,354681,0,1313,0,4235,4235,0,9,0,10/21/2021 01:44:20 PM,Agree,Agree,638
10/21/2021,OR,356061,356061,0,1380,0,4275,4275,0,40,0,10/22/2021 02:05:10 PM,Agree,Agree,639
10/22/2021,OR,357526,357526,0,1465,0,4284,4284,0,9,0,10/23/2021 01:42:15 PM,Agree,Agree,640
10/23/2021,OR,357526,357526,0,0,0,4284,4284,0,0,0,10/25/2021 03:25:56 PM,Agree,Agree,641
10/24/2021,OR,357526,357526,0,0,0,4284,4284,0,0,0,10/25/2021 05:00:46 PM,Agree,Agree,642
10/25/2021,OR,359733,359733,0,2207,0,4295,4295,0,11,0,10/26/2021 01:58:33 PM,Agree,Agree,643
10/26/2021,OR,361240,361240,0,1507,0,4318,4318,0,23,0,10/27/2021 02:21:35 PM,Agree,Agree,644
10/27/2021,OR,362561,362561,0,1321,0,4334,4334,0,16,0,10/28/2021 02:08:30 PM,Agree,Agree,645
10/28/2021,OR,363673,363673,0,1112,0,4358,4358,0,24,0,10/29/2021 02:10:26 PM,Agree,Agree,646
10/29/2021,OR,365053,365053,0,1380,0,4372,4372,0,14,0,10/30/2021 01:29:20 PM,Agree,Agree,647
10/30/2021,OR,365053,365053,0,0,0,4372,4372,0,0,0,11/01/2021 12:51:18 PM,Agree,Agree,648
10/31/2021,OR,365053,365053,0,0,0,4372,4372,0,0,0,11/01/2021 03:03:10 PM,Agree,Agree,649
11/01/2021,OR,367610,367610,0,2557,0,4377,4377,0,5,0,11/02/2021 01:48:33 PM,Agree,Agree,650
11/02/2021,OR,368694,368694,0,1084,0,4405,4405,0,28,0,11/03/2021 01:51:46 PM,Agree,Agree,651
11/03/2021,OR,369815,369815,0,1121,0,4469,4469,0,64,0,11/04/2021 03:01:34 PM,Agree,Agree,652
11/04/2021,OR,371001,371001,0,1186,0,4543,4543,0,74,0,11/05/2021 02:19:47 PM,Agree,Agree,653
11/05/2021,OR,372137,372137,0,1136,0,4562,4562,0,19,0,11/06/2021 01:17:26 PM,Agree,Agree,654
11/06/2021,OR,372137,372137,0,0,0,4562,4562,0,0,0,11/08/2021 01:55:23 PM,Agree,Agree,655
11/07/2021,OR,372137,372137,0,0,0,4562,4562,0,0,0,11/08/2021 03:35:12 PM,Agree,Agree,656
11/08/2021,OR,374253,374253,0,2116,0,4620,4620,0,58,0,11/09/2021 03:49:35 PM,Agree,Agree,657
11/09/2021,OR,375357,375357,0,1104,0,4655,4655,0,35,0,11/10/2021 03:25:35 PM,Agree,Agree,658
11/10/2021,OR,376372,376372,0,1015,0,4730,4730,0,75,0,11/11/2021 02:27:06 PM,Agree,Agree,659
11/11/2021,OR,376372,376372,0,0,0,4730,4730,0,0,0,11/12/2021 05:03:41 PM,Agree,Agree,660
11/12/2021,OR,378174,378174,0,1802,0,4750,4750,0,20,0,11/13/2021 02:31:27 PM,Agree,Agree,661
11/13/2021,OR,378174,378174,0,0,0,4750,4750,0,0,0,11/15/2021 01:35:54 PM,Agree,Agree,662
11/14/2021,OR,378174,378174,0,0,0,4750,4750,0,0,0,11/15/2021 03:24:41 PM,Agree,Agree,663
11/15/2021,OR,380092,380092,0,1918,0,4803,4803,0,53,0,11/16/2021 02:59:01 PM,Agree,Agree,664
11/16/2021,OR,380866,380866,0,774,0,4855,4855,0,52,0,11/17/2021 04:09:28 PM,Agree,Agree,665
11/17/2021,OR,381842,381842,0,976,0,4873,4873,0,18,0,11/18/2021 04:58:36 PM,Agree,Agree,666
11/18/2021,OR,382990,382990,0,1148,0,4886,4886,0,13,0,11/19/2021 03:04:49 PM,Agree,Agree,667
11/19/2021,OR,384062,384062,0,1072,0,4914,4914,0,28,0,11/20/2021 02:50:36 PM,Agree,Agree,668
11/20/2021,OR,384062,384062,0,0,0,4914,4914,0,0,0,11/22/2021 01:59:30 PM,Agree,Agree,669
11/21/2021,OR,384062,384062,0,0,0,4914,4914,0,0,0,11/22/2021 03:21:21 PM,Agree,Agree,670
11/22/2021,OR,385790,385790,0,1728,0,5017,5017,0,103,0,11/23/2021 02:18:53 PM,Agree,Agree,671
11/23/2021,OR,386634,386634,0,844,0,5066,5066,0,49,0,11/24/2021 03:13:47 PM,Agree,Agree,672
11/24/2021,OR,387485,387485,0,851,0,5116,5116,0,50,0,11/25/2021 02:14:48 PM,Agree,Agree,673
11/25/2021,OR,387485,387485,0,0,0,5116,5116,0,0,0,11/26/2021 02:12:52 PM,Agree,Agree,674
11/26/2021,OR,387485,387485,0,0,0,5116,5116,0,0,0,11/27/2021 02:19:28 PM,Agree,Agree,675
11/27/2021,OR,387485,387485,0,0,0,5116,5116,0,0,0,11/29/2021 01:20:44 PM,Agree,Agree,676
11/28/2021,OR,387485,387485,0,0,0,5116,5116,0,0,0,11/29/2021 02:21:14 PM,Agree,Agree,677
