submission_date,state,tot_cases,conf_cases,prob_cases,new_case,pnew_case,tot_death,conf_death,prob_death,new_death,pnew_death,created_at,consent_cases,consent_deaths
01/22/2020,NY,0,,,0,,0,,,0,,03/26/2020 04:22:39 PM,Not agree,Not agree
01/23/2020,NY,0,,,0,,0,,,0,,03/26/2020 04:22:39 PM,Not agree,Not agree
01/24/2020,NY,0,,,0,,0,,,0,,03/26/2020 04:22:39 PM,Not agree,Not agree
01/25/2020,NY,0,,,0,,0,,,0,,03/26/2020 04:22:39 PM,Not agree,Not agree
01/26/2020,NY,0,,,0,,0,,,0,,03/26/2020 04:22:39 PM,Not agree,Not agree
01/27/2020,NY,0,,,0,,0,,,0,,03/26/2020 04:22:39 PM,Not agree,Not agree
01/28/2020,NY,0,,,0,,0,,,0,,03/26/2020 04:22:39 PM,Not agree,Not agree
01/29/2020,NY,0,,,0,,0,,,0,,03/26/2020 04:22:39 PM,Not agree,Not agree
01/30/2020,NY,0,,,0,,0,,,0,,03/26/2020 04:22:39 PM,Not agree,Not agree
01/31/2020,NY,0,,,0,,0,,,0,,03/26/2020 04:22:39 PM,Not agree,Not agree
02/01/2020,NY,0,,,0,,0,,,0,,03/26/2020 04:22:39 PM,Not agree,Not agree
02/02/2020,NY,0,,,0,,0,,,0,,03/26/2020 04:22:39 PM,Not agree,Not agree
02/03/2020,NY,0,,,0,,0,,,0,,03/26/2020 04:22:39 PM,Not agree,Not agree
02/04/2020,NY,0,,,0,,0,,,0,,03/26/2020 04:22:39 PM,Not agree,Not agree
02/05/2020,NY,0,,,0,,0,,,0,,03/26/2020 04:22:39 PM,Not agree,Not agree
02/06/2020,NY,0,,,0,,0,,,0,,03/26/2020 04:22:39 PM,Not agree,Not agree
02/07/2020,NY,0,,,0,,0,,,0,,03/26/2020 04:22:39 PM,Not agree,Not agree
02/08/2020,NY,0,,,0,,0,,,0,,03/26/2020 04:22:39 PM,Not agree,Not agree
02/09/2020,NY,0,,,0,,0,,,0,,03/26/2020 04:22:39 PM,Not agree,Not agree
02/10/2020,NY,0,,,0,,0,,,0,,03/26/2020 04:22:39 PM,Not agree,Not agree
02/11/2020,NY,0,,,0,,0,,,0,,03/26/2020 04:22:39 PM,Not agree,Not agree
02/12/2020,NY,0,,,0,,0,,,0,,03/26/2020 04:22:39 PM,Not agree,Not agree
02/13/2020,NY,0,,,0,,0,,,0,,03/26/2020 04:22:39 PM,Not agree,Not agree
02/14/2020,NY,0,,,0,,0,,,0,,03/26/2020 04:22:39 PM,Not agree,Not agree
02/15/2020,NY,0,,,0,,0,,,0,,03/26/2020 04:22:39 PM,Not agree,Not agree
02/16/2020,NY,0,,,0,,0,,,0,,03/26/2020 04:22:39 PM,Not agree,Not agree
02/17/2020,NY,0,,,0,,0,,,0,,03/26/2020 04:22:39 PM,Not agree,Not agree
02/18/2020,NY,0,,,0,,0,,,0,,03/26/2020 04:22:39 PM,Not agree,Not agree
02/19/2020,NY,0,,,0,,0,,,0,,03/26/2020 04:22:39 PM,Not agree,Not agree
02/20/2020,NY,0,,,0,,0,,,0,,03/26/2020 04:22:39 PM,Not agree,Not agree
02/21/2020,NY,0,,,0,,0,,,0,,03/26/2020 04:22:39 PM,Not agree,Not agree
02/22/2020,NY,0,,,0,,0,,,0,,03/26/2020 04:22:39 PM,Not agree,Not agree
02/23/2020,NY,0,,,0,,0,,,0,,03/26/2020 04:22:39 PM,Not agree,Not agree
02/24/2020,NY,0,,,0,,0,,,0,,03/26/2020 04:22:39 PM,Not agree,Not agree
02/25/2020,NY,0,,,0,,0,,,0,,03/26/2020 04:22:39 PM,Not agree,Not agree
02/26/2020,NY,0,,,0,,0,,,0,,03/26/2020 04:22:39 PM,Not agree,Not agree
02/27/2020,NY,0,,,0,,0,,,0,,03/26/2020 04:22:39 PM,Not agree,Not agree
02/28/2020,NY,0,,,0,,0,,,0,,03/26/2020 04:22:39 PM,Not agree,Not agree
02/29/2020,NY,0,,,0,,0,,,0,,03/26/2020 04:22:39 PM,Not agree,Not agree
03/01/2020,NY,0,,,0,,0,,,0,,03/26/2020 04:22:39 PM,Not agree,Not agree
03/02/2020,NY,0,,,0,,0,,,0,,03/26/2020 04:22:39 PM,Not agree,Not agree
03/03/2020,NY,0,,,0,,0,,,0,,03/26/2020 04:22:39 PM,Not agree,Not agree
03/04/2020,NY,1,,,1,,0,,,0,,03/26/2020 04:22:39 PM,Not agree,Not agree
03/05/2020,NY,12,,,11,,0,,,0,,03/26/2020 04:22:39 PM,Not agree,Not agree
03/06/2020,NY,21,,,9,,0,,,0,,03/26/2020 04:22:39 PM,Not agree,Not agree
03/07/2020,NY,28,,,7,,0,,,0,,03/26/2020 04:22:39 PM,Not agree,Not agree
03/08/2020,NY,28,,,0,,0,,,0,,03/26/2020 04:22:39 PM,Not agree,Not agree
03/09/2020,NY,125,,,97,,0,,,0,,03/26/2020 04:22:39 PM,Not agree,Not agree
03/10/2020,NY,137,,,12,,0,,,0,,03/26/2020 04:22:39 PM,Not agree,Not agree
03/11/2020,NY,164,,,27,,0,,,0,,03/26/2020 04:22:39 PM,Not agree,Not agree
03/12/2020,NY,230,,,66,,0,,,0,,03/26/2020 04:22:39 PM,Not agree,Not agree
03/13/2020,NY,267,,,37,,0,,,0,,03/26/2020 04:22:39 PM,Not agree,Not agree
03/14/2020,NY,311,,,44,,0,,,0,,03/26/2020 04:22:39 PM,Not agree,Not agree
03/15/2020,NY,400,,,89,,1,,,1,,03/26/2020 04:22:39 PM,Not agree,Not agree
03/16/2020,NY,487,,,87,,1,,,0,,03/26/2020 04:22:39 PM,Not agree,Not agree
03/17/2020,NY,730,,,243,,1,,,0,,03/26/2020 04:22:39 PM,Not agree,Not agree
03/18/2020,NY,1043,,,313,,1,,,0,,03/26/2020 04:22:39 PM,Not agree,Not agree
03/19/2020,NY,1683,,,640,,5,,,4,,03/26/2020 04:22:39 PM,Not agree,Not agree
03/20/2020,NY,2694,,,1011,,15,,,10,,03/26/2020 04:22:39 PM,Not agree,Not agree
03/21/2020,NY,4145,,,1451,,21,,,6,,03/26/2020 04:22:39 PM,Not agree,Not agree
03/22/2020,NY,6123,,,1978,,24,,,3,,03/26/2020 04:22:39 PM,Not agree,Not agree
03/23/2020,NY,8570,,,2447,,31,,,7,,03/26/2020 04:22:39 PM,Not agree,Not agree
03/24/2020,NY,10761,,,2191,,39,,,8,,03/26/2020 04:22:39 PM,Not agree,Not agree
03/25/2020,NY,12955,,,2194,,52,,,13,,03/26/2020 04:22:39 PM,Not agree,Not agree
03/26/2020,NY,15865,,,2910,,59,,,7,,03/26/2020 04:22:39 PM,Not agree,Not agree
03/27/2020,NY,19237,,,3372,,96,,,37,,03/26/2020 04:22:39 PM,Not agree,Not agree
03/28/2020,NY,22552,,,3315,,107,,,11,,03/28/2020 04:22:39 PM,Not agree,Not agree
03/29/2020,NY,25745,,,3193,,119,,,12,,03/28/2020 04:22:39 PM,Not agree,Not agree
03/30/2020,NY,29044,,,3299,,155,,,36,,03/29/2020 04:22:39 PM,Not agree,Not agree
03/31/2020,NY,32656,,,3612,,211,,,56,,03/30/2020 04:22:39 PM,Not agree,Not agree
04/01/2020,NY,36273,,,3617,,275,,,64,,03/31/2020 04:22:39 PM,Not agree,Not agree
04/02/2020,NY,40572,,,4299,,395,,,120,,04/01/2020 04:22:39 PM,Not agree,Not agree
04/03/2020,NY,45704,,,5132,,508,,,113,,04/03/2020 04:22:39 PM,Not agree,Not agree
04/04/2020,NY,50398,,,4694,,566,,,58,,04/03/2020 04:22:39 PM,Not agree,Not agree
04/05/2020,NY,54480,,,4082,,1017,,,451,,04/04/2020 04:22:39 PM,Not agree,Not agree
04/06/2020,NY,58188,,,3708,,1197,,,180,,04/05/2020 04:22:39 PM,Not agree,Not agree
04/07/2020,NY,61897,,,3709,,1378,,,181,,04/07/2020 04:22:39 PM,Not agree,Not agree
04/08/2020,NY,67513,,,5616,,1545,,,167,,04/07/2020 04:22:39 PM,Not agree,Not agree
04/09/2020,NY,72910,,,5397,,1787,,,242,,04/08/2020 04:22:39 PM,Not agree,Not agree
04/10/2020,NY,78128,,,5218,,2024,,,237,,04/09/2020 04:22:39 PM,Not agree,Not agree
04/11/2020,NY,82150,,,4022,,2260,,,236,,04/10/2020 04:22:39 PM,Not agree,Not agree
04/12/2020,NY,85486,,,3336,,2443,,,183,,04/11/2020 04:22:39 PM,Not agree,Not agree
04/13/2020,NY,88268,,,2782,,2661,,,218,,04/12/2020 04:22:39 PM,Not agree,Not agree
04/14/2020,NY,91743,,,3475,,2882,,,221,,04/13/2020 04:22:39 PM,Not agree,Not agree
04/15/2020,NY,95477,,,3734,,3081,,,199,,04/15/2020 04:22:39 PM,Not agree,Not agree
04/16/2020,NY,99138,,,3661,,3247,,,166,,04/16/2020 04:22:39 PM,Not agree,Not agree
04/17/2020,NY,102290,,,3152,,3560,,,313,,04/17/2020 04:22:39 PM,Not agree,Not agree
04/18/2020,NY,105548,,,3258,79,3562,,,2,2,04/18/2020 04:22:39 PM,Not agree,Not agree
04/19/2020,NY,108350,,,2802,-79,3787,,,225,-2,04/19/2020 04:22:39 PM,Not agree,Not agree
04/20/2020,NY,110706,,,2356,,3940,,,153,,04/20/2020 04:22:39 PM,Not agree,Not agree
04/21/2020,NY,112365,,,1659,0,4107,,,167,0,04/21/2020 04:22:39 PM,Not agree,Not agree
04/22/2020,NY,114784,,,2419,0,4260,,,153,0,04/22/2020 04:22:39 PM,Not agree,Not agree
04/23/2020,NY,117605,,,2821,0,4407,,,147,0,05/25/2020 03:38:40 PM,Not agree,Not agree
04/24/2020,NY,121117,,,3512,0,4552,,,145,0,05/25/2020 03:38:40 PM,Not agree,Not agree
04/25/2020,NY,127030,,,5913,0,4715,,,163,0,05/25/2020 03:38:40 PM,Not agree,Not agree
04/26/2020,NY,129787,,,2757,0,4831,,,116,0,05/25/2020 03:38:40 PM,Not agree,Not agree
04/27/2020,NY,131507,,,1720,0,4947,,,116,0,05/25/2020 03:38:40 PM,Not agree,Not agree
04/28/2020,NY,132768,,,1261,0,5060,,,113,0,04/29/2020 06:12:08 PM,Not agree,Not agree
04/29/2020,NY,134850,,,2082,0,5170,,,110,0,04/30/2020 04:07:01 PM,Not agree,Not agree
04/30/2020,NY,136894,,,2044,0,5345,,,175,0,05/01/2020 09:00:19 PM,Not agree,Not agree
05/01/2020,NY,138624,,,1730,0,5442,,,97,0,05/02/2020 03:47:19 PM,Not agree,Not agree
05/02/2020,NY,140623,,,1999,0,5544,,,102,0,05/03/2020 03:36:03 PM,Not agree,Not agree
05/03/2020,NY,142084,,,1461,0,5651,,,107,0,05/04/2020 10:49:24 PM,Not agree,Not agree
05/04/2020,NY,143302,,,1218,0,5808,,,157,77,05/05/2020 05:25:08 PM,Not agree,Not agree
05/05/2020,NY,144318,,,1016,0,5907,,,99,0,05/06/2020 04:23:08 PM,Not agree,Not agree
05/06/2020,NY,145627,,,1309,0,6482,,,575,-77,05/07/2020 10:59:02 PM,Not agree,Not agree
05/07/2020,NY,147253,,,1626,0,6580,,,98,0,05/08/2020 09:26:08 PM,Not agree,Not agree
05/08/2020,NY,148624,,,1371,0,6657,,,77,0,05/09/2020 09:26:08 PM,Not agree,Not agree
05/09/2020,NY,149833,,,1209,0,6766,,,109,0,05/10/2020 09:26:08 PM,Not agree,Not agree
05/10/2020,NY,150978,,,1145,0,6867,,,101,0,05/11/2020 09:26:08 PM,Not agree,Not agree
05/11/2020,NY,151698,,,720,0,6947,,,80,0,05/12/2020 05:26:08 PM,Not agree,Not agree
05/12/2020,NY,152362,,,664,0,7045,,,98,0,05/13/2020 03:26:08 PM,Not agree,Not agree
05/13/2020,NY,153411,,,1049,0,7132,,,87,0,05/14/2020 05:25:44 PM,Not agree,Not agree
05/14/2020,NY,154506,,,1095,0,7211,,,79,0,05/15/2020 04:11:22 PM,Not agree,Not agree
05/15/2020,NY,155456,,,950,0,7279,,,68,0,05/16/2020 03:46:44 PM,Not agree,Not agree
05/16/2020,NY,156632,,,1176,0,7377,,,98,0,05/17/2020 03:27:46 PM,Not agree,Not agree
05/17/2020,NY,157528,,,896,0,7448,,,71,0,05/18/2020 04:01:54 PM,Not agree,Not agree
05/18/2020,NY,158141,,,613,0,7496,,,48,0,05/19/2020 03:45:23 PM,Not agree,Not agree
05/19/2020,NY,159024,,,883,0,7550,,,54,0,05/20/2020 03:28:26 PM,Not agree,Not agree
05/20/2020,NY,159820,,,796,0,7606,,,56,0,05/21/2020 03:41:38 PM,Not agree,Not agree
05/21/2020,NY,160783,,,963,0,7660,,,54,0,05/22/2020 03:31:45 PM,Not agree,Not agree
05/22/2020,NY,161670,,,887,0,7716,,,56,0,05/23/2020 05:58:16 PM,Not agree,Not agree
05/23/2020,NY,162660,,,990,0,7762,,,46,0,05/24/2020 02:15:55 PM,Not agree,Not agree
05/24/2020,NY,163392,,,732,0,7830,,,68,0,05/25/2020 02:12:49 PM,Not agree,Not agree
05/25/2020,NY,164033,,,641,0,7879,,,49,0,05/26/2020 02:23:02 PM,Not agree,Not agree
05/26/2020,NY,164535,,,502,0,7927,,,48,0,05/27/2020 03:37:59 PM,Not agree,Not agree
05/27/2020,NY,164997,,,462,0,7977,,,50,0,05/28/2020 03:12:25 PM,Not agree,Not agree
05/28/2020,NY,165682,,,685,0,8023,,,46,0,05/29/2020 02:19:55 PM,Not agree,Not agree
05/29/2020,NY,166285,,,603,0,8058,,,35,0,05/30/2020 03:47:59 PM,Not agree,Not agree
05/30/2020,NY,166909,,,624,0,8100,,,42,0,05/31/2020 02:43:17 PM,Not agree,Not agree
05/31/2020,NY,167467,,,558,0,8130,,,30,0,06/01/2020 02:17:42 PM,Not agree,Not agree
06/01/2020,NY,167947,,,480,0,8159,,,29,0,06/02/2020 02:16:17 PM,Not agree,Not agree
06/02/2020,NY,168663,,,716,0,8198,,,39,0,06/03/2020 02:11:36 PM,Not agree,Not agree
06/03/2020,NY,169213,,,550,0,8230,,,32,0,06/04/2020 03:03:31 PM,Not agree,Not agree
06/04/2020,NY,169727,,,514,0,8259,,,29,0,06/05/2020 03:17:07 PM,Not agree,Not agree
06/05/2020,NY,170268,,,541,0,8284,,,25,0,06/06/2020 02:31:37 PM,Not agree,Not agree
06/06/2020,NY,170805,,,537,0,8308,,,24,0,06/07/2020 02:23:35 PM,Not agree,Not agree
06/07/2020,NY,171128,,,323,0,8339,,,31,0,06/08/2020 02:55:08 PM,Not agree,Not agree
06/08/2020,NY,171446,,,318,0,8362,,,23,0,06/09/2020 04:49:08 PM,Not agree,Not agree
06/09/2020,NY,171789,,,343,0,8391,,,29,0,06/10/2020 08:56:25 PM,Not agree,Not agree
06/10/2020,NY,172038,,,249,0,8416,,,25,0,06/11/2020 02:48:51 PM,Not agree,Not agree
06/11/2020,NY,172375,,,337,0,8438,,,22,0,06/12/2020 02:17:59 PM,Not agree,Not agree
06/12/2020,NY,172760,,,385,0,8468,,,30,0,06/13/2020 05:46:26 PM,Not agree,Not agree
06/13/2020,NY,173137,,,377,0,8489,,,21,0,06/14/2020 02:19:43 PM,Not agree,Not agree
06/14/2020,NY,173446,,,309,0,8502,,,13,0,06/15/2020 02:33:03 PM,Not agree,Not agree
06/15/2020,NY,173685,,,239,0,8521,,,19,0,06/16/2020 02:10:11 PM,Not agree,Not agree
06/16/2020,NY,173984,,,299,0,8538,,,17,0,06/17/2020 03:06:04 PM,Not agree,Not agree
06/17/2020,NY,174201,,,217,0,8551,,,13,0,06/18/2020 05:16:14 PM,Not agree,Not agree
06/18/2020,NY,174500,,,299,0,8568,,,17,0,06/19/2020 03:01:11 PM,Not agree,Not agree
06/19/2020,NY,174886,,,386,0,8580,,,12,0,06/20/2020 02:15:45 PM,Not agree,Not agree
06/20/2020,NY,175211,,,325,0,8595,,,15,0,06/21/2020 02:32:57 PM,Not agree,Not agree
06/21/2020,NY,175490,,,279,0,8606,,,11,0,06/22/2020 03:24:02 PM,Not agree,Not agree
06/22/2020,NY,175747,,,257,0,8613,,,7,0,06/23/2020 02:28:19 PM,Not agree,Not agree
06/23/2020,NY,176029,,,282,0,8627,,,14,0,06/24/2020 03:03:27 PM,Not agree,Not agree
06/24/2020,NY,176318,,,289,0,8636,,,9,0,06/25/2020 02:07:27 PM,Not agree,Not agree
06/25/2020,NY,176716,,,398,0,8645,,,9,0,06/26/2020 07:18:27 PM,Not agree,Not agree
06/26/2020,NY,177150,,,434,0,8654,,,9,0,06/27/2020 05:51:58 PM,Not agree,Not agree
06/27/2020,NY,177489,,,339,0,8664,,,10,0,06/28/2020 02:59:02 PM,Not agree,Not agree
06/28/2020,NY,177789,,,300,0,8667,,,3,0,06/29/2020 02:37:31 PM,Not agree,Not agree
06/29/2020,NY,177991,,,202,0,8673,,,6,0,06/30/2020 03:27:33 PM,Not agree,Not agree
06/30/2020,NY,178275,,,284,0,8680,,,7,0,07/01/2020 03:45:16 PM,Not agree,Not agree
07/01/2020,NY,178604,,,329,0,8687,,,7,0,07/02/2020 03:10:03 PM,Not agree,Not agree
07/02/2020,NY,179052,,,448,0,8691,,,4,0,07/03/2020 03:01:33 PM,Not agree,Not agree
07/03/2020,NY,179510,,,458,0,8696,,,5,0,07/04/2020 03:30:31 PM,Not agree,Not agree
07/04/2020,NY,179868,,,358,0,8701,,,5,0,07/05/2020 03:00:14 PM,Not agree,Not agree
07/05/2020,NY,180162,,,294,0,8705,,,4,0,07/06/2020 03:16:12 PM,Not agree,Not agree
07/06/2020,NY,180433,,,271,0,8710,,,5,0,07/07/2020 02:58:02 PM,Not agree,Not agree
07/07/2020,NY,180749,,,316,0,8716,,,6,0,07/08/2020 02:12:08 PM,Not agree,Not agree
07/08/2020,NY,181152,,,403,0,8721,,,5,0,07/09/2020 03:14:15 PM,Not agree,Not agree
07/09/2020,NY,181461,,,309,0,8732,,,11,0,07/10/2020 03:35:06 PM,Not agree,Not agree
07/10/2020,NY,181896,,,435,0,8737,,,5,0,07/11/2020 06:25:05 PM,Not agree,Not agree
07/11/2020,NY,182319,,,423,0,8741,,,4,0,07/12/2020 03:13:57 PM,Not agree,Not agree
07/12/2020,NY,182655,,,336,0,8746,,,5,0,07/13/2020 03:19:34 PM,Not agree,Not agree
07/13/2020,NY,182962,,,307,0,8752,,,6,0,07/14/2020 03:13:07 PM,Not agree,Not agree
07/14/2020,NY,183559,,,597,0,8756,,,4,0,07/15/2020 03:05:12 PM,Not agree,Not agree
07/15/2020,NY,184024,,,465,0,8762,,,6,0,07/16/2020 02:22:21 PM,Not agree,Not agree
07/16/2020,NY,184408,,,384,0,8762,,,0,0,07/17/2020 02:31:01 PM,Not agree,Not agree
07/17/2020,NY,184817,,,409,0,8770,,,8,0,07/18/2020 04:14:26 PM,Not agree,Not agree
07/18/2020,NY,185184,,,367,0,8779,,,9,0,07/19/2020 03:05:47 PM,Not agree,Not agree
07/19/2020,NY,185388,,,204,0,8787,,,8,0,07/20/2020 02:35:44 PM,Not agree,Not agree
07/20/2020,NY,185623,,,235,0,8792,,,5,0,07/21/2020 02:50:17 PM,Not agree,Not agree
07/21/2020,NY,186087,,,464,0,8794,,,2,0,07/22/2020 02:51:28 PM,Not agree,Not agree
07/22/2020,NY,186442,,,355,0,8800,,,6,0,07/23/2020 02:48:19 PM,Not agree,Not agree
07/23/2020,NY,186865,,,423,0,8807,,,7,0,07/24/2020 02:18:40 PM,Not agree,Not agree
07/24/2020,NY,187258,,,393,0,8813,,,6,0,07/25/2020 05:40:06 PM,Not agree,Not agree
07/25/2020,NY,187668,,,410,0,8819,,,6,0,07/26/2020 03:17:16 PM,Not agree,Not agree
07/26/2020,NY,187975,,,307,0,8820,,,1,0,07/27/2020 02:16:42 PM,Not agree,Not agree
07/27/2020,NY,188293,,,318,0,8822,,,2,0,07/28/2020 02:21:07 PM,Not agree,Not agree
07/28/2020,NY,188629,,,336,0,8826,,,4,0,07/29/2020 02:34:46 PM,Not agree,Not agree
07/29/2020,NY,189042,,,413,0,8830,,,4,0,07/30/2020 02:42:43 PM,Not agree,Not agree
07/30/2020,NY,189507,,,465,0,8837,,,7,0,07/31/2020 02:35:06 PM,Not agree,Not agree
07/31/2020,NY,189866,,,359,0,8841,,,4,0,08/01/2020 02:38:12 PM,Not agree,Not agree
08/01/2020,NY,190307,,,441,0,8854,,,13,0,08/02/2020 02:54:37 PM,Not agree,Not agree
08/02/2020,NY,190575,,,268,0,8860,,,6,0,08/03/2020 02:31:01 PM,Not agree,Not agree
08/03/2020,NY,190879,,,304,0,8863,,,3,0,08/04/2020 02:09:35 PM,Not agree,Not agree
08/04/2020,NY,191309,,,430,0,8866,,,3,0,08/05/2020 02:13:18 PM,Not agree,Not agree
08/05/2020,NY,191644,,,335,0,8868,,,2,0,08/06/2020 02:12:27 PM,Not agree,Not agree
08/06/2020,NY,192014,,,370,0,8871,,,3,0,08/07/2020 11:57:59 PM,Not agree,Not agree
08/07/2020,NY,192384,,,370,0,8874,,,3,0,08/08/2020 02:58:44 PM,Not agree,Not agree
08/08/2020,NY,192761,,,377,0,8875,,,1,0,08/09/2020 02:03:10 PM,Not agree,Not agree
08/09/2020,NY,193028,,,267,0,8879,,,4,0,08/10/2020 02:23:35 PM,Not agree,Not agree
08/10/2020,NY,193267,,,239,0,8880,,,1,0,08/11/2020 02:16:27 PM,Not agree,Not agree
08/11/2020,NY,193660,,,393,0,8885,,,5,0,08/12/2020 01:50:14 PM,Not agree,Not agree
08/12/2020,NY,193974,,,314,0,8887,,,2,0,08/13/2020 02:12:28 PM,Not agree,Not agree
08/13/2020,NY,194273,,,299,0,8894,,,7,0,08/14/2020 02:30:03 PM,Not agree,Not agree
08/14/2020,NY,194633,,,360,0,8897,,,3,0,08/15/2020 02:02:05 PM,Not agree,Not agree
08/15/2020,NY,194985,,,352,0,8898,,,1,0,08/16/2020 02:57:14 PM,Not agree,Not agree
08/16/2020,NY,195285,,,300,0,8901,,,3,0,08/17/2020 02:26:31 PM,Not agree,Not agree
08/17/2020,NY,195458,,,173,0,8906,,,5,0,08/18/2020 02:26:55 PM,Not agree,Not agree
08/18/2020,NY,195829,,,371,0,8910,,,4,0,08/19/2020 02:23:51 PM,Not agree,Not agree
08/19/2020,NY,196187,,,358,0,8914,,,4,0,08/20/2020 03:11:45 PM,Not agree,Not agree
08/20/2020,NY,196515,,,328,0,8918,,,4,0,08/21/2020 02:27:34 PM,Not agree,Not agree
08/21/2020,NY,196938,,,423,0,8921,,,3,0,08/22/2020 02:21:09 PM,Not agree,Not agree
08/22/2020,NY,197324,,,386,0,8924,,,3,0,08/23/2020 02:15:28 PM,Not agree,Not agree
08/23/2020,NY,197617,,,293,0,8930,,,6,0,08/24/2020 01:54:34 PM,Not agree,Not agree
08/24/2020,NY,197811,,,194,0,8933,,,3,0,08/25/2020 02:02:54 PM,Not agree,Not agree
08/25/2020,NY,198209,,,398,0,8935,,,2,0,08/26/2020 01:51:40 PM,Not agree,Not agree
08/26/2020,NY,198515,,,306,0,8936,,,1,0,08/27/2020 01:42:08 PM,Not agree,Not agree
08/27/2020,NY,198991,,,476,0,8939,,,3,0,08/28/2020 01:43:49 PM,Not agree,Not agree
08/28/2020,NY,199357,,,366,0,8941,,,2,0,08/29/2020 01:42:50 PM,Not agree,Not agree
08/29/2020,NY,199714,,,357,0,8945,,,4,0,08/30/2020 02:49:52 PM,Not agree,Not agree
08/30/2020,NY,200131,,,417,0,8951,,,6,0,08/31/2020 02:05:56 PM,Not agree,Not agree
08/31/2020,NY,200519,,,388,0,8952,,,1,0,09/01/2020 02:09:34 PM,Not agree,Not agree
09/01/2020,NY,200968,,,449,0,8954,,,2,0,09/02/2020 01:49:48 PM,Not agree,Not agree
09/02/2020,NY,201412,,,444,0,8957,,,3,0,09/03/2020 02:18:16 PM,Not agree,Not agree
09/03/2020,NY,201997,,,585,0,8963,,,6,0,09/04/2020 01:36:16 PM,Not agree,Not agree
09/04/2020,NY,202536,,,539,0,8963,,,0,0,09/05/2020 02:09:45 PM,Not agree,Not agree
09/05/2020,NY,203058,,,522,0,8964,,,1,0,09/06/2020 02:09:04 PM,Not agree,Not agree
09/06/2020,NY,203492,,,434,0,8970,,,6,0,09/07/2020 01:37:36 PM,Not agree,Not agree
09/07/2020,NY,203809,,,317,0,8970,,,0,0,09/08/2020 02:47:00 PM,Not agree,Not agree
09/08/2020,NY,204144,,,335,0,8974,,,4,0,09/09/2020 01:47:50 PM,Not agree,Not agree
09/09/2020,NY,204507,,,363,0,8976,,,2,0,09/10/2020 02:02:53 PM,Not agree,Not agree
09/10/2020,NY,204928,,,421,0,8983,,,7,0,09/11/2020 01:51:03 PM,Not agree,Not agree
09/11/2020,NY,205539,,,611,0,8986,,,3,0,09/12/2020 02:12:43 PM,Not agree,Not agree
09/12/2020,NY,206082,,,543,0,8988,,,2,0,09/13/2020 04:17:15 PM,Not agree,Not agree
09/13/2020,NY,206563,,,481,0,8992,,,4,0,09/14/2020 02:01:21 PM,Not agree,Not agree
09/14/2020,NY,206881,,,318,0,8995,,,3,0,09/15/2020 02:03:59 PM,Not agree,Not agree
09/15/2020,NY,207341,,,460,0,9003,,,8,0,09/16/2020 01:53:41 PM,Not agree,Not agree
09/16/2020,NY,207741,,,400,0,9006,,,3,0,09/17/2020 01:45:45 PM,Not agree,Not agree
09/17/2020,NY,208304,,,563,0,9008,,,2,0,09/18/2020 01:48:37 PM,Not agree,Not agree
09/18/2020,NY,208746,,,442,0,9013,,,5,0,09/19/2020 02:00:26 PM,Not agree,Not agree
09/19/2020,NY,209240,,,494,0,9014,,,1,0,09/20/2020 01:53:10 PM,Not agree,Not agree
09/20/2020,NY,209704,,,464,0,9015,,,1,0,09/21/2020 01:47:41 PM,Not agree,Not agree
09/21/2020,NY,210017,,,313,0,9015,,,0,0,09/22/2020 01:51:57 PM,Not agree,Not agree
09/22/2020,NY,210420,,,403,0,9016,,,1,0,09/23/2020 01:51:22 PM,Not agree,Not agree
09/23/2020,NY,210805,,,385,0,9017,,,1,0,09/24/2020 01:54:02 PM,Not agree,Not agree
09/24/2020,NY,211336,,,531,0,9017,,,0,0,09/25/2020 01:54:10 PM,Not agree,Not agree
09/25/2020,NY,211873,,,537,0,9022,,,5,0,09/26/2020 01:46:07 PM,Not agree,Not agree
09/26/2020,NY,212449,,,576,0,9024,,,2,0,09/27/2020 01:39:49 PM,Not agree,Not agree
09/27/2020,NY,212933,,,484,0,9027,,,3,0,09/28/2020 01:50:59 PM,Not agree,Not agree
09/28/2020,NY,213388,,,455,0,9034,,,7,0,09/29/2020 01:50:42 PM,Not agree,Not agree
09/29/2020,NY,214054,,,666,0,9036,,,2,0,09/30/2020 02:17:41 PM,Not agree,Not agree
09/30/2020,NY,214608,,,554,0,9041,,,5,0,10/01/2020 01:42:11 PM,Not agree,Not agree
10/01/2020,NY,215457,,,849,0,9046,,,5,0,10/02/2020 01:40:08 PM,Not agree,Not agree
10/02/2020,NY,216456,,,999,0,9050,,,4,0,10/03/2020 01:39:53 PM,Not agree,Not agree
10/03/2020,NY,217475,,,1019,0,9057,,,7,0,10/04/2020 01:35:23 PM,Not agree,Not agree
10/04/2020,NY,218165,,,690,0,9068,,,11,0,10/05/2020 01:49:47 PM,Not agree,Not agree
10/05/2020,NY,218630,,,465,0,9073,,,5,0,10/06/2020 01:33:58 PM,Not agree,Not agree
10/06/2020,NY,219456,,,826,0,9077,,,4,0,10/07/2020 01:45:01 PM,Not agree,Not agree
10/07/2020,NY,220268,,,812,0,9084,,,7,0,10/08/2020 01:56:57 PM,Not agree,Not agree
10/08/2020,NY,221408,,,1140,0,9092,,,8,0,10/09/2020 01:43:36 PM,Not agree,Not agree
10/09/2020,NY,222376,,,968,0,9095,,,3,0,10/10/2020 01:30:17 PM,Not agree,Not agree
10/10/2020,NY,223248,,,872,0,9100,,,5,0,10/11/2020 01:47:22 PM,Not agree,Not agree
10/11/2020,NY,223922,,,674,0,9103,,,3,0,10/12/2020 02:07:08 PM,Not agree,Not agree
10/12/2020,NY,224558,,,636,0,9113,,,10,0,10/13/2020 01:29:38 PM,Not agree,Not agree
10/13/2020,NY,225406,,,848,0,9117,,,4,0,10/14/2020 01:28:39 PM,Not agree,Not agree
10/14/2020,NY,226174,,,768,0,9118,,,1,0,10/15/2020 01:30:46 PM,Not agree,Not agree
10/15/2020,NY,227126,,,952,0,9127,,,9,0,10/16/2020 01:33:55 PM,Not agree,Not agree
10/16/2020,NY,228173,,,1047,0,9136,,,9,0,10/17/2020 02:09:18 PM,Not agree,Not agree
10/17/2020,NY,229151,,,978,0,9142,,,6,0,10/18/2020 01:26:54 PM,Not agree,Not agree
10/18/2020,NY,229929,,,778,0,9145,,,3,0,10/19/2020 02:06:44 PM,Not agree,Not agree
10/19/2020,NY,230508,,,579,0,9155,,,10,0,10/20/2020 02:59:27 PM,Not agree,Not agree
10/20/2020,NY,231273,,,765,0,9164,,,9,0,10/21/2020 01:34:31 PM,Not agree,Not agree
10/21/2020,NY,232460,,,1187,0,9166,,,2,0,10/22/2020 01:34:46 PM,Not agree,Not agree
10/22/2020,NY,233558,,,1098,0,9177,,,11,0,10/23/2020 01:44:31 PM,Not agree,Not agree
10/23/2020,NY,234624,,,1066,0,9185,,,8,0,10/24/2020 01:26:44 PM,Not agree,Not agree
10/24/2020,NY,235930,,,1306,0,9197,,,12,0,10/25/2020 01:45:35 PM,Not agree,Not agree
10/25/2020,NY,236909,,,979,0,9203,,,6,0,10/26/2020 01:41:41 PM,Not agree,Not agree
10/26/2020,NY,237676,,,767,0,9215,,,12,0,10/27/2020 01:47:53 PM,Not agree,Not agree
10/27/2020,NY,238936,,,1260,0,9226,,,11,0,10/28/2020 01:52:28 PM,Not agree,Not agree
10/28/2020,NY,240130,,,1194,0,9239,,,13,0,10/29/2020 02:11:33 PM,Not agree,Not agree
10/29/2020,NY,241569,,,1439,0,9251,,,12,0,10/30/2020 01:37:23 PM,Not agree,Not agree
10/30/2020,NY,242921,,,1352,0,9259,,,8,0,10/31/2020 01:30:31 PM,Not agree,Not agree
10/31/2020,NY,244271,,,1350,0,9263,,,4,0,11/01/2020 03:03:08 PM,Not agree,Not agree
11/01/2020,NY,245580,,,1309,0,9273,,,10,0,11/02/2020 02:53:09 PM,Not agree,Not agree
11/02/2020,NY,246572,,,992,0,9282,,,9,0,11/03/2020 02:57:05 PM,Not agree,Not agree
11/03/2020,NY,248091,,,1519,0,9290,,,8,0,11/04/2020 03:03:00 PM,Not agree,Not agree
11/04/2020,NY,249422,,,1331,0,9301,,,11,0,11/05/2020 02:39:23 PM,Not agree,Not agree
11/05/2020,NY,251352,,,1930,0,9313,,,12,0,11/06/2020 03:33:41 PM,Not agree,Not agree
11/06/2020,NY,253358,,,2006,0,9326,,,13,0,11/07/2020 02:45:17 PM,Not agree,Not agree
11/07/2020,NY,255780,,,2422,0,9340,,,14,0,11/08/2020 02:40:34 PM,Not agree,Not agree
11/08/2020,NY,257817,,,2037,0,9353,,,13,0,11/09/2020 02:38:54 PM,Not agree,Not agree
11/09/2020,NY,259805,,,1988,0,9371,,,18,0,11/10/2020 02:45:45 PM,Not agree,Not agree
11/10/2020,NY,262562,,,2757,0,9399,,,28,0,11/11/2020 03:15:25 PM,Not agree,Not agree
11/11/2020,NY,265651,,,3089,0,9415,,,16,0,11/12/2020 02:55:21 PM,Not agree,Not agree
11/12/2020,NY,268786,,,3135,0,9438,,,23,0,11/13/2020 02:54:34 PM,Not agree,Not agree
11/13/2020,NY,272361,,,3575,0,9457,,,19,0,11/14/2020 02:44:40 PM,Not agree,Not agree
11/14/2020,NY,275952,,,3591,0,9472,,,15,0,11/15/2020 03:12:13 PM,Not agree,Not agree
11/15/2020,NY,278144,,,2192,0,9497,,,25,0,11/16/2020 06:40:02 PM,Not agree,Not agree
11/16/2020,NY,280349,,,2205,0,9518,,,21,0,11/17/2020 02:52:47 PM,Not agree,Not agree
11/17/2020,NY,283503,,,3154,0,9544,,,26,0,11/18/2020 02:57:46 PM,Not agree,Not agree
11/18/2020,NY,287050,,,3547,0,9573,,,29,0,11/19/2020 03:01:36 PM,Not agree,Not agree
11/19/2020,NY,290513,,,3463,0,9596,,,23,0,11/20/2020 03:06:16 PM,Not agree,Not agree
11/20/2020,NY,293960,,,3447,0,9625,,,29,0,11/21/2020 02:59:41 PM,Not agree,Not agree
11/21/2020,NY,297988,,,4028,0,9652,,,27,0,11/22/2020 03:02:23 PM,Not agree,Not agree
11/22/2020,NY,301449,,,3461,0,9679,,,27,0,11/23/2020 03:04:35 PM,Not agree,Not agree
11/23/2020,NY,305573,,,4124,0,9704,,,25,0,11/24/2020 03:27:55 PM,Not agree,Not agree
11/24/2020,NY,308726,,,3153,0,9747,,,43,0,11/25/2020 02:53:15 PM,Not agree,Not agree
11/25/2020,NY,313075,,,4349,0,9780,,,33,0,11/26/2020 02:44:21 PM,Not agree,Not agree
11/26/2020,NY,317677,,,4602,0,9838,,,58,0,11/27/2020 03:07:59 PM,Not agree,Not agree
11/27/2020,NY,323295,,,5618,0,9869,,,31,0,11/28/2020 02:46:47 PM,Not agree,Not agree
11/28/2020,NY,327257,,,3962,0,9911,,,42,0,11/29/2020 02:49:08 PM,Not agree,Not agree
11/29/2020,NY,331686,,,4429,0,9957,,,46,0,11/30/2020 02:51:40 PM,Not agree,Not agree
11/30/2020,NY,336001,,,4315,0,10002,,,45,0,12/01/2020 03:26:07 PM,Not agree,Not agree
12/01/2020,NY,340717,,,4716,0,10061,,,59,0,12/02/2020 03:48:48 PM,Not agree,Not agree
12/02/2020,NY,346492,,,5775,0,10117,,,56,0,12/03/2020 03:21:08 PM,Not agree,Not agree
12/03/2020,NY,353040,,,6548,0,10172,,,55,0,12/04/2020 03:00:59 PM,Not agree,Not agree
12/04/2020,NY,360714,,,7674,0,10217,,,45,0,12/05/2020 02:29:17 PM,Not agree,Not agree
12/05/2020,NY,368246,,,7532,0,10274,,,57,0,12/06/2020 02:51:16 PM,Not agree,Not agree
12/06/2020,NY,374821,,,6575,0,10319,,,45,0,12/07/2020 02:38:33 PM,Not agree,Not agree
12/07/2020,NY,379358,,,4537,0,10382,,,63,0,12/08/2020 02:59:49 PM,Not agree,Not agree
12/08/2020,NY,385232,,,5874,0,10440,,,58,0,12/09/2020 02:45:40 PM,Not agree,Not agree
12/09/2020,NY,392090,,,6858,0,10521,,,81,0,12/10/2020 02:50:16 PM,Not agree,Not agree
12/10/2020,NY,398898,,,6808,0,10598,,,77,0,12/11/2020 03:06:51 PM,Not agree,Not agree
12/11/2020,NY,406146,,,7248,0,10669,,,71,0,12/12/2020 02:59:37 PM,Not agree,Not agree
12/12/2020,NY,413292,,,7146,0,10743,,,74,0,12/13/2020 02:31:19 PM,Not agree,Not agree
12/13/2020,NY,420108,,,6816,0,10834,,,91,0,12/14/2020 02:36:45 PM,Not agree,Not agree
12/14/2020,NY,426123,,,6015,0,10901,,,67,0,12/15/2020 02:39:02 PM,Not agree,Not agree
12/15/2020,NY,432330,,,6207,0,11004,,,103,0,12/16/2020 02:28:57 PM,Not agree,Not agree
12/16/2020,NY,438797,,,6467,0,11085,,,81,0,12/17/2020 02:33:42 PM,Not agree,Not agree
12/17/2020,NY,446084,,,7287,0,11176,,,91,0,12/18/2020 02:45:01 PM,Not agree,Not agree
12/18/2020,NY,454282,,,8198,0,11267,,,91,0,12/19/2020 02:42:31 PM,Not agree,Not agree
12/19/2020,NY,460856,,,6574,0,11366,,,99,0,12/20/2020 02:32:33 PM,Not agree,Not agree
12/20/2020,NY,467569,,,6713,0,11467,,,101,0,12/21/2020 02:39:53 PM,Not agree,Not agree
12/21/2020,NY,473238,,,5669,0,11559,,,92,0,12/22/2020 02:35:48 PM,Not agree,Not agree
12/22/2020,NY,479498,,,6260,0,11679,,,120,0,12/23/2020 02:36:58 PM,Not agree,Not agree
12/23/2020,NY,487062,,,7564,0,11812,,,133,0,12/24/2020 02:31:20 PM,Not agree,Not agree
12/24/2020,NY,494968,,,7906,0,11912,,,100,0,12/25/2020 02:25:34 PM,Not agree,Not agree
12/25/2020,NY,503243,,,8275,0,12000,,,88,0,12/26/2020 02:34:18 PM,Not agree,Not agree
12/26/2020,NY,510100,,,6857,0,12091,,,91,0,12/27/2020 02:44:47 PM,Not agree,Not agree
12/27/2020,NY,514881,,,4781,0,12179,,,88,0,12/28/2020 02:42:49 PM,Not agree,Not agree
12/28/2020,NY,521765,,,6884,0,12263,,,84,0,12/29/2020 02:56:32 PM,Not agree,Not agree
12/29/2020,NY,528633,,,6868,0,12354,,,91,0,12/30/2020 02:56:20 PM,Not agree,Not agree
12/30/2020,NY,537345,,,8712,0,12466,,,112,0,12/31/2020 02:55:07 PM,Not agree,Not agree
12/31/2020,NY,548154,,,10809,0,12566,,,100,0,01/01/2021 02:49:07 PM,Not agree,Not agree
01/01/2021,NY,559358,,,11204,0,12701,,,135,0,01/02/2021 02:50:51 PM,Not agree,Not agree
01/02/2021,NY,569204,,,9846,0,12798,,,97,0,01/03/2021 02:53:25 PM,Not agree,Not agree
01/03/2021,NY,577232,,,8028,0,12912,,,114,0,01/04/2021 02:55:45 PM,Not agree,Not agree
01/04/2021,NY,584715,,,7483,0,13039,,,127,0,01/05/2021 03:00:42 PM,Not agree,Not agree
01/05/2021,NY,592518,,,7803,0,13163,,,124,0,01/06/2021 02:58:26 PM,Not agree,Not agree
01/06/2021,NY,603543,,,11025,0,13281,,,118,0,01/07/2021 02:56:59 PM,Not agree,Not agree
01/07/2021,NY,614792,,,11249,0,13425,,,144,0,01/08/2021 03:56:01 PM,Not agree,Not agree
01/08/2021,NY,627340,,,12548,0,13551,,,126,0,01/09/2021 03:26:08 PM,Not agree,Not agree
01/09/2021,NY,638239,,,10899,0,13694,,,143,0,01/10/2021 04:10:55 PM,Not agree,Not agree
01/10/2021,NY,648275,,,10036,0,13805,,,111,0,01/11/2021 03:01:02 PM,Not agree,Not agree
01/11/2021,NY,656699,,,8424,0,13928,,,123,0,01/12/2021 02:48:35 PM,Not agree,Not agree
01/12/2021,NY,665919,,,9220,0,14050,,,122,0,01/13/2021 02:44:58 PM,Not agree,Not agree
01/13/2021,NY,674674,,,8755,0,14180,,,130,0,01/14/2021 03:12:46 PM,Not agree,Not agree
01/14/2021,NY,682976,,,8302,0,14325,,,145,0,01/15/2021 02:46:04 PM,Not agree,Not agree
01/15/2021,NY,695193,,,12217,0,14457,,,132,0,01/16/2021 02:46:10 PM,Not agree,Not agree
01/16/2021,NY,704870,,,9677,0,14570,,,113,0,01/17/2021 03:43:14 PM,Not agree,Not agree
01/17/2021,NY,712961,,,8091,0,14698,,,128,0,01/18/2021 02:39:32 PM,Not agree,Not agree
01/18/2021,NY,719918,,,6957,0,14814,,,116,0,01/19/2021 02:37:00 PM,Not agree,Not agree
01/19/2021,NY,727080,,,7162,0,14937,,,123,0,01/20/2021 02:44:03 PM,Not agree,Not agree
01/20/2021,NY,733850,,,6770,0,15065,,,128,0,01/21/2021 02:44:32 PM,Not agree,Not agree
01/21/2021,NY,742538,,,8688,0,15184,,,119,0,01/22/2021 02:51:49 PM,Not agree,Not agree
01/22/2021,NY,751375,,,8837,0,15300,,,116,0,01/23/2021 02:50:13 PM,Not agree,Not agree
01/23/2021,NY,759301,,,7926,0,15396,,,96,0,01/24/2021 02:36:49 PM,Not agree,Not agree
01/24/2021,NY,766261,,,6960,0,15501,,,105,0,01/25/2021 02:42:40 PM,Not agree,Not agree
01/25/2021,NY,772569,,,6308,0,15618,,,117,0,01/26/2021 02:46:01 PM,Not agree,Not agree
01/26/2021,NY,778552,,,5983,0,15729,,,111,0,01/27/2021 02:53:24 PM,Not agree,Not agree
01/27/2021,NY,784633,,,6081,0,15847,,,118,0,01/28/2021 02:49:07 PM,Not agree,Not agree
01/28/2021,NY,791929,,,7296,0,15959,,,112,0,01/29/2021 02:42:19 PM,Not agree,Not agree
01/29/2021,NY,798728,,,6799,0,16048,,,89,0,01/30/2021 02:43:11 PM,Not agree,Not agree
01/30/2021,NY,805504,,,6776,0,16131,,,83,0,01/31/2021 02:48:12 PM,Not agree,Not agree
01/31/2021,NY,811279,,,5775,0,16220,,,89,0,02/01/2021 02:50:29 PM,Not agree,Not agree
02/01/2021,NY,815593,,,4314,0,16308,,,88,0,02/02/2021 02:51:51 PM,Not agree,Not agree
02/02/2021,NY,819616,,,4023,0,16406,,,98,0,02/03/2021 02:55:58 PM,Not agree,Not agree
02/03/2021,NY,822958,,,3342,0,16513,,,107,0,02/04/2021 02:53:58 PM,Not agree,Not agree
02/04/2021,NY,827433,,,4475,0,16594,,,81,0,02/05/2021 02:54:41 PM,Not agree,Not agree
02/05/2021,NY,832327,,,4894,0,16686,,,92,0,02/06/2021 04:05:17 PM,Not agree,Not agree
02/06/2021,NY,838229,,,5902,0,16781,,,95,0,02/07/2021 02:46:31 PM,Not agree,Not agree
02/07/2021,NY,842972,,,4743,0,16863,,,82,0,02/08/2021 02:53:12 PM,Not agree,Not agree
02/08/2021,NY,846873,,,3901,0,16925,,,62,0,02/09/2021 03:24:29 PM,Not agree,Not agree
02/09/2021,NY,850387,,,3514,0,17009,,,84,0,02/10/2021 02:52:16 PM,Not agree,Not agree
02/10/2021,NY,854170,,,3783,0,17084,,,75,0,02/11/2021 02:50:55 PM,Not agree,Not agree
02/11/2021,NY,859076,,,4906,0,17153,,,69,0,02/12/2021 02:56:38 PM,Not agree,Not agree
02/12/2021,NY,863285,,,4209,0,17227,,,74,0,02/13/2021 02:50:08 PM,Not agree,Not agree
02/13/2021,NY,867467,,,4182,0,17286,,,59,0,02/14/2021 02:51:00 PM,Not agree,Not agree
02/14/2021,NY,871661,,,4194,0,17346,,,60,0,02/15/2021 02:46:24 PM,Not agree,Not agree
02/15/2021,NY,874571,,,2910,0,17396,,,50,0,02/16/2021 02:53:06 PM,Not agree,Not agree
02/16/2021,NY,877624,,,3053,0,17440,,,44,0,02/17/2021 02:51:58 PM,Not agree,Not agree
02/17/2021,NY,880638,,,3014,0,17500,,,60,0,02/18/2021 02:43:57 PM,Not agree,Not agree
02/18/2021,NY,883994,,,3356,0,17555,,,55,0,02/19/2021 03:33:51 PM,Not agree,Not agree
02/19/2021,NY,887832,,,3838,0,17622,,,67,0,02/20/2021 02:45:37 PM,Not agree,Not agree
02/20/2021,NY,891374,,,3542,0,17674,,,52,0,02/21/2021 02:57:50 PM,Not agree,Not agree
02/21/2021,NY,894600,,,3226,0,17711,,,37,0,02/22/2021 02:53:38 PM,Not agree,Not agree
02/22/2021,NY,897388,,,2788,0,17755,,,44,0,02/23/2021 02:51:13 PM,Not agree,Not agree
02/23/2021,NY,900510,,,3122,0,17798,,,43,0,02/24/2021 02:56:12 PM,Not agree,Not agree
02/24/2021,NY,903336,,,2826,0,17846,,,48,0,02/25/2021 02:54:32 PM,Not agree,Not agree
02/25/2021,NY,907769,,,4433,0,17893,,,47,0,02/26/2021 03:02:41 PM,Not agree,Not agree
02/26/2021,NY,911554,,,3785,0,17933,,,40,0,02/27/2021 02:51:23 PM,Not agree,Not agree
02/27/2021,NY,915323,,,3769,0,17964,,,31,0,02/28/2021 02:48:18 PM,Not agree,Not agree
02/28/2021,NY,918946,,,3623,0,18003,,,39,0,03/01/2021 03:21:38 PM,Not agree,Not agree
03/01/2021,NY,921678,,,2732,0,18031,,,28,0,03/02/2021 02:54:47 PM,Not agree,Not agree
03/02/2021,NY,924361,,,2683,0,18064,,,33,0,03/03/2021 03:20:17 PM,Not agree,Not agree
03/03/2021,NY,927750,,,3389,0,18092,,,28,0,03/04/2021 03:08:33 PM,Not agree,Not agree
03/04/2021,NY,931318,,,3568,0,18118,,,26,0,03/05/2021 04:11:33 PM,Not agree,Not agree
03/05/2021,NY,935418,,,4100,0,18166,,,48,0,03/06/2021 03:08:48 PM,Not agree,Not agree
03/06/2021,NY,938986,,,3568,0,18201,,,35,0,03/07/2021 02:51:40 PM,Not agree,Not agree
03/07/2021,NY,942268,,,3282,0,18228,,,27,0,03/08/2021 02:47:36 PM,Not agree,Not agree
03/08/2021,NY,944830,,,2562,0,18249,,,21,0,03/09/2021 02:47:41 PM,Not agree,Not agree
03/09/2021,NY,947737,,,2907,0,18283,,,34,0,03/10/2021 02:58:31 PM,Not agree,Not agree
03/10/2021,NY,950806,,,3069,0,18303,,,20,0,03/11/2021 03:36:21 PM,Not agree,Not agree
03/11/2021,NY,954005,,,3199,0,18335,,,32,0,03/12/2021 03:20:13 PM,Not agree,Not agree
03/12/2021,NY,958223,,,4218,0,18356,,,21,0,03/13/2021 03:19:19 PM,Not agree,Not agree
03/13/2021,NY,961370,,,3147,0,18392,,,36,0,03/14/2021 01:53:25 PM,Not agree,Not agree
03/14/2021,NY,964179,,,2809,0,18414,,,22,0,03/15/2021 02:03:45 PM,Not agree,Not agree
03/15/2021,NY,966982,,,2803,0,18431,,,17,0,03/16/2021 02:12:32 PM,Not agree,Not agree
03/16/2021,NY,970120,,,3138,0,18455,,,24,0,03/17/2021 02:24:24 PM,Not agree,Not agree
03/17/2021,NY,973707,,,3587,0,18477,,,22,0,03/18/2021 02:01:55 PM,Not agree,Not agree
03/18/2021,NY,977455,,,3748,0,18500,,,23,0,03/19/2021 02:25:43 PM,Not agree,Not agree
03/19/2021,NY,981148,,,3693,0,18528,,,28,0,03/20/2021 02:03:21 PM,Not agree,Not agree
03/20/2021,NY,985007,,,3859,0,18551,,,23,0,03/21/2021 01:54:01 PM,Not agree,Not agree
03/21/2021,NY,988742,,,3735,0,18577,,,26,0,03/22/2021 01:57:09 PM,Not agree,Not agree
03/22/2021,NY,991538,,,2796,0,18594,,,17,0,03/23/2021 02:05:18 PM,Not agree,Not agree
03/23/2021,NY,994847,,,3309,0,18612,,,18,0,03/24/2021 02:16:52 PM,Not agree,Not agree
03/24/2021,NY,998316,,,3469,0,18638,,,26,0,03/25/2021 02:25:23 PM,Not agree,Not agree
03/25/2021,NY,1002364,,,4048,0,18653,,,15,0,03/26/2021 02:14:54 PM,Not agree,Not agree
03/26/2021,NY,1006478,,,4114,0,18665,,,12,0,03/27/2021 02:01:18 PM,Not agree,Not agree
03/27/2021,NY,1010776,,,4298,0,18697,,,32,0,03/28/2021 01:52:27 PM,Not agree,Not agree
03/28/2021,NY,1014969,,,4193,0,18711,,,14,0,03/29/2021 01:48:56 PM,Not agree,Not agree
03/29/2021,NY,1018606,,,3637,0,18734,,,23,0,03/30/2021 02:06:13 PM,Not agree,Not agree
03/30/2021,NY,1021976,,,3370,0,18757,,,23,0,03/31/2021 02:08:03 PM,Not agree,Not agree
03/31/2021,NY,1026173,,,4197,0,18784,,,27,0,04/01/2021 02:13:30 PM,Not agree,Not agree
04/01/2021,NY,1030739,,,4566,0,18814,,,30,0,04/02/2021 01:56:15 PM,Not agree,Not agree
04/02/2021,NY,1034732,,,3993,0,18836,,,22,0,04/03/2021 01:51:09 PM,Not agree,Not agree
04/03/2021,NY,1038858,,,4126,0,18861,,,25,0,04/04/2021 01:43:43 PM,Not agree,Not agree
04/04/2021,NY,1042637,,,3779,0,18883,,,22,0,04/05/2021 01:43:02 PM,Not agree,Not agree
04/05/2021,NY,1046102,,,3465,0,18903,,,20,0,04/06/2021 01:43:58 PM,Not agree,Not agree
04/06/2021,NY,1048952,,,2850,0,18916,,,13,0,04/07/2021 02:25:43 PM,Not agree,Not agree
04/07/2021,NY,1052698,,,3746,0,18944,,,28,0,04/08/2021 01:46:50 PM,Not agree,Not agree
04/08/2021,NY,1057251,,,4553,0,18958,,,14,0,04/09/2021 02:11:49 PM,Not agree,Not agree
04/09/2021,NY,1061897,,,4646,0,18984,,,26,0,04/10/2021 01:45:46 PM,Not agree,Not agree
04/10/2021,NY,1065885,,,3988,0,19010,,,26,0,04/11/2021 01:50:11 PM,Not agree,Not agree
04/11/2021,NY,1069399,,,3514,0,19032,,,22,0,04/12/2021 01:39:29 PM,Not agree,Not agree
04/12/2021,NY,1072149,,,2750,0,19055,,,23,0,04/13/2021 02:00:37 PM,Not agree,Not agree
04/13/2021,NY,1074867,,,2718,0,19074,,,19,0,04/14/2021 02:34:57 PM,Not agree,Not agree
04/14/2021,NY,1078165,,,3298,0,19098,,,24,0,04/15/2021 01:58:27 PM,Not agree,Not agree
04/15/2021,NY,1082315,,,4150,0,19122,,,24,0,04/16/2021 02:12:25 PM,Not agree,Not agree
04/16/2021,NY,1085444,,,3129,0,19141,,,19,0,04/17/2021 01:58:33 PM,Not agree,Not agree
04/17/2021,NY,1089638,,,4194,0,19165,,,24,0,04/18/2021 01:41:35 PM,Not agree,Not agree
04/18/2021,NY,1092654,,,3016,0,19179,,,14,0,04/19/2021 03:04:26 PM,Not agree,Not agree
04/19/2021,NY,1094889,,,2235,0,19199,,,20,0,04/20/2021 02:59:01 PM,Not agree,Not agree
04/20/2021,NY,1097037,,,2148,0,19222,,,23,0,04/21/2021 02:12:05 PM,Not agree,Not agree
04/21/2021,NY,1099378,,,2341,0,19246,,,24,0,04/22/2021 01:56:30 PM,Not agree,Not agree
04/22/2021,NY,1102176,,,2798,0,19268,,,22,0,04/23/2021 01:57:50 PM,Not agree,Not agree
04/23/2021,NY,1104946,,,2770,0,19288,,,20,0,04/24/2021 02:22:34 PM,Not agree,Not agree
04/24/2021,NY,1107238,,,2292,0,19298,,,10,0,04/25/2021 01:42:01 PM,Not agree,Not agree
04/25/2021,NY,1109400,,,2162,0,19320,,,22,0,04/26/2021 01:45:41 PM,Not agree,Not agree
04/26/2021,NY,1111096,,,1696,0,19343,,,23,0,04/27/2021 01:56:18 PM,Not agree,Not agree
04/27/2021,NY,1112609,,,1513,0,19355,,,12,0,04/28/2021 03:20:12 PM,Not agree,Not agree
04/28/2021,NY,1114458,,,1849,0,19373,,,18,0,04/29/2021 01:47:03 PM,Not agree,Not agree
04/29/2021,NY,1116926,,,2468,0,19390,,,17,0,04/30/2021 01:40:40 PM,Not agree,Not agree
04/30/2021,NY,1119158,,,2232,0,19409,,,19,0,05/01/2021 01:43:22 PM,Not agree,Not agree
05/01/2021,NY,1121015,,,1857,0,19409,,,0,0,05/02/2021 02:13:07 PM,Not agree,Not agree
05/02/2021,NY,1122872,,,1857,0,19431,,,22,0,05/03/2021 01:58:14 PM,Not agree,Not agree
05/03/2021,NY,1124156,,,1284,0,19454,,,23,0,05/04/2021 02:00:10 PM,Not agree,Not agree
05/04/2021,NY,1125497,,,1341,0,19480,,,26,0,05/05/2021 02:14:20 PM,Not agree,Not agree
05/05/2021,NY,1126855,,,1358,0,19499,,,19,0,05/06/2021 02:14:04 PM,Not agree,Not agree
05/06/2021,NY,1128398,,,1543,0,19508,,,9,0,05/07/2021 01:36:40 PM,Not agree,Not agree
05/07/2021,NY,1129878,,,1480,0,19522,,,14,0,05/08/2021 01:45:22 PM,Not agree,Not agree
05/08/2021,NY,1131817,,,1939,0,19540,,,18,0,05/09/2021 01:43:24 PM,Not agree,Not agree
05/09/2021,NY,1133242,,,1425,0,19551,,,11,0,05/10/2021 02:15:36 PM,Not agree,Not agree
05/10/2021,NY,1134154,,,912,0,19561,,,10,0,05/11/2021 01:53:24 PM,Not agree,Not agree
05/11/2021,NY,1135113,,,959,0,19581,,,20,0,05/12/2021 02:33:56 PM,Not agree,Not agree
05/12/2021,NY,1136256,,,1143,0,19591,,,10,0,05/13/2021 02:28:07 PM,Not agree,Not agree
05/13/2021,NY,1137617,,,1361,0,19600,,,9,0,05/14/2021 02:07:22 PM,Not agree,Not agree
05/14/2021,NY,1138883,,,1266,0,19612,,,12,0,05/15/2021 01:54:58 PM,Not agree,Not agree
05/15/2021,NY,1140253,,,1370,0,19623,,,11,0,05/16/2021 01:46:12 PM,Not agree,Not agree
05/16/2021,NY,1141186,,,933,0,19638,,,15,0,05/17/2021 02:13:39 PM,Not agree,Not agree
05/17/2021,NY,1141984,,,798,0,19645,,,7,0,05/18/2021 02:26:44 PM,Not agree,Not agree
05/18/2021,NY,1142612,,,628,0,19654,,,9,0,05/19/2021 02:37:49 PM,Not agree,Not agree
05/19/2021,NY,1143571,,,959,0,19666,,,12,0,05/20/2021 03:08:06 PM,Not agree,Not agree
05/20/2021,NY,1144584,,,1013,0,19680,,,14,0,05/21/2021 02:08:46 PM,Not agree,Not agree
05/21/2021,NY,1145551,,,967,0,19688,,,8,0,05/22/2021 06:59:37 PM,Not agree,Not agree
05/22/2021,NY,1146403,,,852,0,19702,,,14,0,05/23/2021 01:37:59 PM,Not agree,Not agree
05/23/2021,NY,1147037,,,634,0,19706,,,4,0,05/24/2021 01:46:58 PM,Not agree,Not agree
05/24/2021,NY,1147626,,,589,0,19715,,,9,0,05/25/2021 02:17:06 PM,Not agree,Not agree
05/25/2021,NY,1148105,,,479,0,19722,,,7,0,05/26/2021 01:48:32 PM,Not agree,Not agree
05/26/2021,NY,1148695,,,590,0,19736,,,14,0,05/27/2021 01:41:41 PM,Not agree,Not agree
05/27/2021,NY,1149326,,,631,0,19742,,,6,0,05/28/2021 01:29:21 PM,Not agree,Not agree
05/28/2021,NY,1149873,,,547,0,19753,,,11,0,05/29/2021 01:33:02 PM,Not agree,Not agree
05/29/2021,NY,1150405,,,532,0,19759,,,6,0,05/30/2021 01:32:12 PM,Not agree,Not agree
05/30/2021,NY,1150933,,,528,0,19770,,,11,0,05/31/2021 01:43:43 PM,Not agree,Not agree
05/31/2021,NY,1151220,,,287,0,19780,,,10,0,06/01/2021 03:18:33 PM,Not agree,Not agree
06/01/2021,NY,1151435,,,215,0,19788,,,8,0,06/02/2021 02:35:40 PM,Not agree,Not agree
06/02/2021,NY,1151698,,,263,0,19792,,,4,0,06/03/2021 03:22:54 PM,Not agree,Not agree
06/03/2021,NY,1151994,,,296,0,19799,,,7,0,06/04/2021 02:56:57 PM,Not agree,Not agree
06/04/2021,NY,1152423,,,429,0,19808,,,9,0,06/05/2021 01:49:07 PM,Not agree,Not agree
06/05/2021,NY,1152913,,,490,0,19818,,,10,0,06/06/2021 01:36:52 PM,Not agree,Not agree
06/06/2021,NY,1153222,,,309,0,19830,,,12,0,06/07/2021 02:36:26 PM,Not agree,Not agree
06/07/2021,NY,1153515,,,293,0,19835,,,5,0,06/08/2021 03:05:30 PM,Not agree,Not agree
06/08/2021,NY,1153736,,,221,0,19844,,,9,0,06/09/2021 02:26:44 PM,Not agree,Not agree
06/09/2021,NY,1153952,,,216,0,19848,,,4,0,06/10/2021 02:48:23 PM,Not agree,Not agree
06/10/2021,NY,1154216,,,264,0,19852,,,4,0,06/11/2021 02:20:54 PM,Not agree,Not agree
06/11/2021,NY,1154481,,,265,0,19858,,,6,0,06/12/2021 02:13:34 PM,Not agree,Not agree
06/12/2021,NY,1154753,,,272,0,19867,,,9,0,06/13/2021 01:40:53 PM,Not agree,Not agree
06/13/2021,NY,1154953,,,200,0,19872,,,5,0,06/14/2021 03:07:59 PM,Not agree,Not agree
06/14/2021,NY,1155117,,,164,0,19878,,,6,0,06/15/2021 02:44:13 PM,Not agree,Not agree
06/15/2021,NY,1155263,,,146,0,19884,,,6,0,06/16/2021 03:10:20 PM,Not agree,Not agree
06/16/2021,NY,1155433,,,170,0,19887,,,3,0,06/17/2021 02:38:09 PM,Not agree,Not agree
06/17/2021,NY,1155645,,,212,0,19889,,,2,0,06/18/2021 01:48:26 PM,Not agree,Not agree
06/18/2021,NY,1155881,,,236,0,19889,,,0,0,06/18/2021 01:48:26 PM,Not agree,Not agree
06/19/2021,NY,1156118,,,237,0,19902,,,13,0,06/18/2021 01:48:26 PM,Not agree,Not agree
06/20/2021,NY,1156172,,,54,0,19902,,,0,0,06/21/2021 04:43:32 PM,Not agree,Not agree
06/21/2021,NY,1156227,,,55,0,19906,,,4,0,06/22/2021 02:36:11 PM,Not agree,Not agree
06/22/2021,NY,1156354,,,127,0,19910,,,4,0,06/23/2021 03:24:06 PM,Not agree,Not agree
06/23/2021,NY,1156486,,,132,0,19916,,,6,0,06/24/2021 03:16:23 PM,Not agree,Not agree
06/24/2021,NY,1156655,,,169,0,19916,,,0,0,06/25/2021 03:01:46 PM,Not agree,Not agree
06/25/2021,NY,1156796,,,141,0,19919,,,3,0,06/26/2021 02:17:39 PM,Not agree,Not agree
06/26/2021,NY,1156956,,,160,0,19922,,,3,0,06/28/2021 01:23:06 PM,Not agree,Not agree
06/27/2021,NY,1157104,,,148,0,19925,,,3,0,06/28/2021 03:02:46 PM,Not agree,Not agree
06/28/2021,NY,1157238,,,134,0,19927,,,2,0,06/29/2021 02:25:53 PM,Not agree,Not agree
06/29/2021,NY,1157344,,,106,0,19928,,,1,0,06/30/2021 02:11:39 PM,Not agree,Not agree
06/30/2021,NY,1157475,,,131,0,19930,,,2,0,07/01/2021 02:29:33 PM,Not agree,Not agree
07/01/2021,NY,1157650,,,175,0,19932,,,2,0,07/02/2021 01:55:07 PM,Not agree,Not agree
07/02/2021,NY,1157893,,,243,0,19933,,,1,0,07/03/2021 01:44:06 PM,Not agree,Not agree
07/03/2021,NY,1158044,,,151,0,19933,,,0,0,07/05/2021 01:25:13 PM,Not agree,Not agree
07/04/2021,NY,1158205,,,161,0,19935,,,2,0,07/05/2021 02:30:02 PM,Not agree,Not agree
07/05/2021,NY,1158346,,,141,0,19936,,,1,0,07/06/2021 01:52:24 PM,Not agree,Not agree
07/06/2021,NY,1158474,,,128,0,19939,,,3,0,07/07/2021 02:48:49 PM,Not agree,Not agree
07/07/2021,NY,1158647,,,173,0,19942,,,3,0,07/08/2021 02:26:57 PM,Not agree,Not agree
07/08/2021,NY,1158865,,,218,0,19944,,,2,0,07/09/2021 01:56:56 PM,Not agree,Not agree
07/09/2021,NY,1159186,,,321,0,19947,,,3,0,07/10/2021 02:17:36 PM,Not agree,Not agree
07/10/2021,NY,1159441,,,255,0,19947,,,0,0,07/12/2021 01:16:46 PM,Not agree,Not agree
07/11/2021,NY,1159695,,,254,0,19947,,,0,0,07/12/2021 02:22:55 PM,Not agree,Not agree
07/12/2021,NY,1159918,,,223,0,19947,,,0,0,07/13/2021 02:26:25 PM,Not agree,Not agree
07/13/2021,NY,1160203,,,285,0,19952,,,5,0,07/14/2021 02:14:34 PM,Not agree,Not agree
07/14/2021,NY,1160539,,,336,0,19954,,,2,0,07/15/2021 02:29:47 PM,Not agree,Not agree
07/15/2021,NY,1160945,,,406,0,19955,,,1,0,07/16/2021 02:03:13 PM,Not agree,Not agree
07/16/2021,NY,1161322,,,377,0,19956,,,1,0,07/17/2021 01:43:02 PM,Not agree,Not agree
07/17/2021,NY,1161724,,,402,0,19957,,,1,0,07/19/2021 01:20:07 PM,Not agree,Not agree
07/18/2021,NY,1162215,,,491,0,19958,,,1,0,07/19/2021 02:21:19 PM,Not agree,Not agree
07/19/2021,NY,1162577,,,362,0,19959,,,1,0,07/20/2021 02:48:47 PM,Not agree,Not agree
07/20/2021,NY,1163052,,,475,0,19960,,,1,0,07/21/2021 02:18:34 PM,Not agree,Not agree
07/21/2021,NY,1163634,,,582,0,19963,,,3,0,07/22/2021 03:06:50 PM,Not agree,Not agree
07/22/2021,NY,1164284,,,650,0,19964,,,1,0,07/23/2021 01:48:31 PM,Not agree,Not agree
07/23/2021,NY,1165058,,,774,0,19966,,,2,0,07/24/2021 02:21:11 PM,Not agree,Not agree
07/24/2021,NY,1165798,,,740,0,19966,,,0,0,07/26/2021 01:16:36 PM,Not agree,Not agree
07/25/2021,NY,1166710,,,912,0,19973,,,7,0,07/26/2021 01:52:25 PM,Not agree,Not agree
07/26/2021,NY,1167263,,,553,0,19975,,,2,0,07/27/2021 02:48:23 PM,Not agree,Not agree
07/27/2021,NY,1168038,,,775,0,19976,,,1,0,07/28/2021 01:51:39 PM,Not agree,Not agree
07/28/2021,NY,1168983,,,945,0,19981,,,5,0,07/29/2021 01:49:46 PM,Not agree,Not agree
07/29/2021,NY,1170157,,,1174,0,19981,,,0,0,07/30/2021 02:36:41 PM,Not agree,Not agree
07/30/2021,NY,1171416,,,1259,0,19983,,,2,0,07/31/2021 01:56:41 PM,Not agree,Not agree
07/31/2021,NY,1172784,,,1368,0,19985,,,2,0,08/02/2021 12:48:14 PM,Not agree,Not agree
08/01/2021,NY,1174038,,,1254,0,19990,,,5,0,08/02/2021 02:03:57 PM,Not agree,Not agree
08/02/2021,NY,1174979,,,941,0,19990,,,0,0,08/03/2021 02:29:23 PM,Not agree,Not agree
08/03/2021,NY,1176467,,,1488,0,19991,,,1,0,08/04/2021 03:17:10 PM,Not agree,Not agree
08/04/2021,NY,1177993,,,1526,0,19996,,,5,0,08/05/2021 02:32:13 PM,Not agree,Not agree
08/05/2021,NY,1179682,,,1689,0,20000,,,4,0,08/06/2021 02:53:58 PM,Not agree,Not agree
08/06/2021,NY,1181447,,,1765,0,20002,,,2,0,08/07/2021 02:00:45 PM,Not agree,Not agree
08/07/2021,NY,1183888,,,2441,0,20009,,,7,0,08/09/2021 12:38:43 PM,Not agree,Not agree
08/08/2021,NY,1185661,,,1773,0,20014,,,5,0,08/09/2021 02:44:15 PM,Not agree,Not agree
08/09/2021,NY,1187342,,,1681,0,20020,,,6,0,08/10/2021 03:30:38 PM,Not agree,Not agree
08/10/2021,NY,1189064,,,1722,0,20028,,,8,0,08/11/2021 03:30:51 PM,Not agree,Not agree
08/11/2021,NY,1191255,,,2191,0,20039,,,11,0,08/12/2021 03:05:21 PM,Not agree,Not agree
08/12/2021,NY,1193699,,,2444,0,20052,,,13,0,08/13/2021 01:45:25 PM,Not agree,Not agree
08/13/2021,NY,1196273,,,2574,0,20060,,,8,0,08/14/2021 02:46:52 PM,Not agree,Not agree
08/14/2021,NY,1198595,,,2322,0,20069,,,9,0,08/16/2021 12:55:48 PM,Not agree,Not agree
08/15/2021,NY,1200816,,,2221,0,20080,,,11,0,08/16/2021 03:23:49 PM,Not agree,Not agree
08/16/2021,NY,1202885,,,2069,0,20086,,,6,0,08/17/2021 02:24:04 PM,Not agree,Not agree
08/17/2021,NY,1204930,,,2045,0,20096,,,10,0,08/18/2021 02:45:06 PM,Not agree,Not agree
08/18/2021,NY,1207588,,,2658,0,20111,,,15,0,08/19/2021 03:10:12 PM,Not agree,Not agree
08/19/2021,NY,1210346,,,2758,0,20123,,,12,0,08/20/2021 01:21:34 PM,Not agree,Not agree
08/20/2021,NY,1213128,,,2782,0,20135,,,12,0,08/21/2021 01:25:01 PM,Not agree,Not agree
08/21/2021,NY,1216034,,,2906,0,20148,,,13,0,08/23/2021 12:48:27 PM,Not agree,Not agree
08/22/2021,NY,1218532,,,2498,0,20164,,,16,0,08/23/2021 02:39:48 PM,Not agree,Not agree
08/23/2021,NY,1220826,,,2294,0,20177,,,13,0,08/24/2021 02:24:26 PM,Not agree,Not agree
08/24/2021,NY,1222592,,,1766,0,20185,,,8,0,08/25/2021 01:58:33 PM,Not agree,Not agree
08/25/2021,NY,1224985,,,2393,0,20196,,,11,0,08/26/2021 02:58:37 PM,Not agree,Not agree
08/26/2021,NY,1228157,,,3172,0,20212,,,16,0,08/27/2021 02:08:03 PM,Not agree,Not agree
08/27/2021,NY,1232380,,,4223,0,20226,,,14,0,08/28/2021 01:53:26 PM,Not agree,Not agree
08/28/2021,NY,1235297,,,2917,0,20248,,,22,0,08/30/2021 12:49:04 PM,Not agree,Not agree
08/29/2021,NY,1238214,,,2917,0,20270,,,22,0,08/30/2021 02:26:22 PM,Not agree,Not agree
08/30/2021,NY,1240856,,,2642,0,20278,,,8,0,08/31/2021 02:57:22 PM,Not agree,Not agree
08/31/2021,NY,1243236,,,2380,0,20290,,,12,0,09/01/2021 02:27:14 PM,Not agree,Not agree
09/01/2021,NY,1246065,,,2829,0,20308,,,18,0,09/02/2021 01:49:05 PM,Not agree,Not agree
09/02/2021,NY,1249321,,,3256,0,20332,,,24,0,09/03/2021 01:38:30 PM,Not agree,Not agree
09/03/2021,NY,1253112,,,3791,0,20352,,,20,0,09/04/2021 01:18:29 PM,Not agree,Not agree
09/04/2021,NY,1256486,,,3374,0,20370,,,18,0,09/06/2021 01:20:57 PM,Not agree,Not agree
09/05/2021,NY,1259355,,,2869,0,20392,,,22,0,09/06/2021 02:27:21 PM,Not agree,Not agree
09/06/2021,NY,1261814,,,2459,0,20410,,,18,0,09/07/2021 03:14:40 PM,Not agree,Not agree
09/07/2021,NY,1264076,,,2262,0,20436,,,26,0,09/08/2021 03:20:52 PM,Not agree,Not agree
09/08/2021,NY,1266531,,,2455,0,20456,,,20,0,09/09/2021 02:36:12 PM,Not agree,Not agree
09/09/2021,NY,1269961,,,3430,0,20471,,,15,0,09/10/2021 02:35:13 PM,Not agree,Not agree
09/10/2021,NY,1274025,,,4064,0,20498,,,27,0,09/11/2021 01:20:03 PM,Not agree,Not agree
09/11/2021,NY,1277616,,,3591,0,20518,,,20,0,09/13/2021 12:52:39 PM,Not agree,Not agree
09/12/2021,NY,1281351,,,3735,0,20538,,,20,0,09/13/2021 02:26:59 PM,Not agree,Not agree
09/13/2021,NY,1283649,,,2298,0,20555,,,17,0,09/14/2021 02:22:50 PM,Not agree,Not agree
09/14/2021,NY,1286202,,,2553,0,20576,,,21,0,09/15/2021 02:35:57 PM,Not agree,Not agree
09/15/2021,NY,1289383,,,3181,0,20601,,,25,0,09/16/2021 02:24:46 PM,Not agree,Not agree
09/16/2021,NY,1294121,,,4738,0,20628,,,27,0,09/17/2021 01:28:36 PM,Not agree,Not agree
09/17/2021,NY,1297994,,,3873,0,20651,,,23,0,09/18/2021 01:43:14 PM,Not agree,Not agree
09/18/2021,NY,1301280,,,3286,0,20670,,,19,0,09/20/2021 12:14:02 PM,Not agree,Not agree
09/19/2021,NY,1304800,,,3520,0,20695,,,25,0,09/20/2021 01:47:59 PM,Not agree,Not agree
09/20/2021,NY,1306963,,,2163,0,20716,,,21,0,09/21/2021 02:33:33 PM,Not agree,Not agree
09/21/2021,NY,1310574,,,3611,0,20745,,,29,0,09/22/2021 02:04:47 PM,Not agree,Not agree
09/22/2021,NY,1313543,,,2969,0,20770,,,25,0,09/23/2021 02:07:24 PM,Not agree,Not agree
09/23/2021,NY,1316837,,,3294,0,20799,,,29,0,09/24/2021 01:56:18 PM,Not agree,Not agree
09/24/2021,NY,1321300,,,4463,0,20818,,,19,0,09/25/2021 01:25:43 PM,Not agree,Not agree
09/25/2021,NY,1325098,,,3798,0,20842,,,24,0,09/27/2021 01:21:43 PM,Not agree,Not agree
09/26/2021,NY,1328061,,,2963,0,20871,,,29,0,09/27/2021 02:29:10 PM,Not agree,Not agree
09/27/2021,NY,1330887,,,2826,0,20887,,,16,0,09/28/2021 02:30:08 PM,Not agree,Not agree
09/28/2021,NY,1333608,,,2721,0,20908,,,21,0,09/29/2021 03:04:06 PM,Not agree,Not agree
09/29/2021,NY,1337434,,,3826,0,20938,,,30,0,09/30/2021 02:57:48 PM,Not agree,Not agree
09/30/2021,NY,1340812,,,3378,0,20968,,,30,0,10/01/2021 01:23:39 PM,Not agree,Not agree
10/01/2021,NY,1344740,,,3928,0,20991,,,23,0,10/02/2021 01:37:53 PM,Not agree,Not agree
10/02/2021,NY,1348076,,,3336,0,21009,,,18,0,10/04/2021 12:47:32 PM,Not agree,Not agree
10/03/2021,NY,1351472,,,3396,0,21033,,,24,0,10/04/2021 01:57:57 PM,Not agree,Not agree
10/04/2021,NY,1353306,,,1834,0,21047,,,14,0,10/05/2021 01:39:21 PM,Not agree,Not agree
10/05/2021,NY,1356030,,,2724,0,21075,,,28,0,10/06/2021 02:06:06 PM,Not agree,Not agree
10/06/2021,NY,1360301,,,4271,0,21098,,,23,0,10/07/2021 02:06:32 PM,Not agree,Not agree
10/07/2021,NY,1363979,,,3678,0,21118,,,20,0,10/08/2021 01:43:16 PM,Not agree,Not agree
10/08/2021,NY,1368316,,,4337,0,21151,,,33,0,10/09/2021 01:32:02 PM,Not agree,Not agree
10/09/2021,NY,1371855,,,3539,0,21179,,,28,0,10/11/2021 01:19:41 PM,Not agree,Not agree
10/10/2021,NY,1373932,,,2077,0,21204,,,25,0,10/11/2021 02:09:22 PM,Not agree,Not agree
10/11/2021,NY,1377715,,,3783,0,21226,,,22,0,10/12/2021 02:00:10 PM,Not agree,Not agree
10/12/2021,NY,1380063,,,2348,0,21251,,,25,0,10/13/2021 02:39:10 PM,Not agree,Not agree
10/13/2021,NY,1383582,,,3519,0,21276,,,25,0,10/14/2021 02:14:59 PM,Not agree,Not agree
10/14/2021,NY,1386927,,,3345,0,21314,,,38,0,10/15/2021 01:51:07 PM,Not agree,Not agree
10/15/2021,NY,1391234,,,4307,0,21336,,,22,0,10/16/2021 01:26:43 PM,Not agree,Not agree
10/16/2021,NY,1395252,,,4018,0,21355,,,19,0,10/18/2021 12:41:38 PM,Not agree,Not agree
10/17/2021,NY,1398401,,,3149,0,21386,,,31,0,10/18/2021 01:49:53 PM,Not agree,Not agree
10/18/2021,NY,1400717,,,2316,0,21407,,,21,0,10/19/2021 03:01:15 PM,Not agree,Not agree
10/19/2021,NY,1402567,,,1850,0,21432,,,25,0,10/20/2021 02:03:53 PM,Not agree,Not agree
10/20/2021,NY,1406104,,,3537,0,21458,,,26,0,10/21/2021 01:44:20 PM,Not agree,Not agree
10/21/2021,NY,1409282,,,3178,0,21498,,,40,0,10/22/2021 02:05:10 PM,Not agree,Not agree
10/22/2021,NY,1412017,,,2735,0,21518,,,20,0,10/23/2021 01:42:15 PM,Not agree,Not agree
10/23/2021,NY,1415481,,,3464,0,21549,,,31,0,10/25/2021 03:25:56 PM,Not agree,Not agree
10/24/2021,NY,1417633,,,2152,0,21573,,,24,0,10/25/2021 05:00:46 PM,Not agree,Not agree
10/25/2021,NY,1419988,,,2355,0,21594,,,21,0,10/26/2021 01:58:33 PM,Not agree,Not agree
10/26/2021,NY,1421629,,,1641,0,21626,,,32,0,10/27/2021 02:21:35 PM,Not agree,Not agree
10/27/2021,NY,1425129,,,3500,0,21656,,,30,0,10/28/2021 02:08:30 PM,Not agree,Not agree
10/28/2021,NY,1428328,,,3199,0,21680,,,24,0,10/29/2021 02:10:26 PM,Not agree,Not agree
10/29/2021,NY,1432516,,,4188,0,21707,,,27,0,10/30/2021 01:29:20 PM,Not agree,Not agree
10/30/2021,NY,1435659,,,3143,0,21734,,,27,0,11/01/2021 12:51:18 PM,Not agree,Not agree
10/31/2021,NY,1438453,,,2794,0,21760,,,26,0,11/01/2021 03:03:10 PM,Not agree,Not agree
11/01/2021,NY,1440632,,,2179,0,21786,,,26,0,11/02/2021 01:48:33 PM,Not agree,Not agree
11/02/2021,NY,1442927,,,2295,0,21800,,,14,0,11/03/2021 01:51:46 PM,Not agree,Not agree
11/03/2021,NY,1446157,,,3230,0,21513,,,35,0,11/04/2021 03:01:34 PM,Not agree,Not agree
11/04/2021,NY,1449814,,,3657,0,21542,,,29,0,11/05/2021 02:19:47 PM,Not agree,Not agree
11/05/2021,NY,1453696,,,3882,0,21570,,,28,0,11/06/2021 01:17:26 PM,Not agree,Not agree
11/06/2021,NY,1457547,,,3851,0,21604,,,34,0,11/08/2021 01:55:23 PM,Not agree,Not agree
11/07/2021,NY,1461262,,,3715,0,21624,,,20,0,11/08/2021 03:35:12 PM,Not agree,Not agree
11/08/2021,NY,1463956,,,2694,0,21646,,,22,0,11/09/2021 03:49:35 PM,Not agree,Not agree
11/09/2021,NY,1467214,,,3258,0,21676,,,30,0,11/10/2021 03:25:35 PM,Not agree,Not agree
11/10/2021,NY,1471378,,,4164,0,21701,,,25,0,11/11/2021 02:27:06 PM,Not agree,Not agree
11/11/2021,NY,1476679,,,5301,0,21735,,,34,0,11/12/2021 05:03:41 PM,Not agree,Not agree
11/12/2021,NY,1481688,,,5009,0,21760,,,25,0,11/13/2021 02:31:27 PM,Not agree,Not agree
11/13/2021,NY,1486783,,,5095,0,21775,,,15,0,11/15/2021 01:35:54 PM,Not agree,Not agree
11/14/2021,NY,1490979,,,4196,0,21796,,,21,0,11/15/2021 03:24:41 PM,Not agree,Not agree
11/15/2021,NY,1494504,,,3525,0,21820,,,24,0,11/16/2021 02:59:01 PM,Not agree,Not agree
11/16/2021,NY,1498463,,,3959,0,21846,,,26,0,11/17/2021 04:09:28 PM,Not agree,Not agree
11/17/2021,NY,1503387,,,4924,0,21867,,,21,0,11/18/2021 04:58:36 PM,Not agree,Not agree
11/18/2021,NY,1509904,,,6517,0,21894,,,27,0,11/19/2021 03:04:49 PM,Not agree,Not agree
11/19/2021,NY,1515921,,,6017,0,21925,,,31,0,11/20/2021 02:50:36 PM,Not agree,Not agree
11/20/2021,NY,1521477,,,5556,0,21943,,,18,0,11/22/2021 01:59:30 PM,Not agree,Not agree
11/21/2021,NY,1526969,,,5492,0,21967,,,24,0,11/22/2021 03:21:21 PM,Not agree,Not agree
11/22/2021,NY,1531063,,,4094,0,21994,,,27,0,11/23/2021 02:18:53 PM,Not agree,Not agree
11/23/2021,NY,1535193,,,4130,0,22018,,,24,0,11/24/2021 03:13:47 PM,Not agree,Not agree
11/24/2021,NY,1540890,,,5697,0,22043,,,25,0,11/25/2021 02:14:48 PM,Not agree,Not agree
11/25/2021,NY,1547652,,,6762,0,22067,,,24,0,11/26/2021 02:12:52 PM,Not agree,Not agree
11/26/2021,NY,1552589,,,4937,0,22067,,,0,0,11/27/2021 02:19:28 PM,Not agree,Not agree
11/27/2021,NY,1555836,,,3247,0,22123,,,56,0,11/29/2021 01:20:44 PM,Not agree,Not agree
11/28/2021,NY,1560342,,,4506,0,22150,,,27,0,11/29/2021 02:21:14 PM,Not agree,Not agree
11/29/2021,NY,1564336,,,3994,0,22185,,,35,0,11/30/2021 03:29:21 PM,Not agree,Not agree
11/30/2021,NY,1569506,,,5170,0,22221,,,36,0,12/01/2021 03:57:34 PM,Not agree,Not agree
12/01/2021,NY,1577143,,,7637,0,22259,,,38,0,12/02/2021 02:35:20 PM,Not agree,Not agree
12/02/2021,NY,1586079,,,8936,0,22302,,,43,0,12/03/2021 03:05:46 PM,Not agree,Not agree
12/03/2021,NY,1594932,,,8853,0,22344,,,42,0,12/04/2021 02:29:01 PM,Not agree,Not agree
12/04/2021,NY,1602574,,,7642,0,22374,,,30,0,12/06/2021 01:50:49 PM,Not agree,Not agree
12/05/2021,NY,1610404,,,7830,0,22406,,,32,0,12/06/2021 02:59:31 PM,Not agree,Not agree
12/06/2021,NY,1614961,,,4557,0,22449,,,43,0,12/07/2021 02:35:03 PM,Not agree,Not agree
12/07/2021,NY,1621012,,,6051,0,22491,,,42,0,12/08/2021 03:02:11 PM,Not agree,Not agree
12/08/2021,NY,1628255,,,7243,0,22524,,,33,0,12/09/2021 02:45:23 PM,Not agree,Not agree
12/09/2021,NY,1636493,,,8238,0,22567,,,43,0,12/10/2021 02:19:59 PM,Not agree,Not agree
12/10/2021,NY,1644585,,,8092,0,22616,,,49,0,12/11/2021 02:24:24 PM,Not agree,Not agree
12/11/2021,NY,1652457,,,7872,0,22666,,,50,0,12/13/2021 01:44:32 PM,Not agree,Not agree
12/12/2021,NY,1659741,,,7284,0,22715,,,49,0,12/13/2021 03:27:15 PM,Not agree,Not agree
12/13/2021,NY,1664910,,,5169,0,22753,,,38,0,12/14/2021 02:53:14 PM,Not agree,Not agree
12/14/2021,NY,1670052,,,5142,0,22796,,,43,0,12/15/2021 02:52:52 PM,Not agree,Not agree
12/15/2021,NY,1677912,,,7860,0,22851,,,55,0,12/16/2021 03:10:47 PM,Not agree,Not agree
12/16/2021,NY,1687870,,,9958,0,22891,,,40,0,12/17/2021 02:18:55 PM,Not agree,Not agree
12/17/2021,NY,1698611,,,10741,0,22944,,,53,0,12/18/2021 02:58:45 PM,Not agree,Not agree
12/18/2021,NY,1708930,,,10319,0,22992,,,48,0,12/20/2021 02:01:33 PM,Not agree,Not agree
12/19/2021,NY,1719004,,,10074,0,23031,,,39,0,12/20/2021 03:18:49 PM,Not agree,Not agree
12/20/2021,NY,1727150,,,8146,0,23080,,,49,0,12/21/2021 05:31:35 PM,Not agree,Not agree
12/21/2021,NY,1735648,,,8498,0,23121,,,41,0,12/22/2021 02:47:22 PM,Not agree,Not agree
12/22/2021,NY,1747351,,,11703,0,23166,,,45,0,12/23/2021 02:39:18 PM,Not agree,Not agree
12/23/2021,NY,1763378,,,16027,0,23222,,,56,0,12/24/2021 02:15:59 PM,Not agree,Not agree
12/24/2021,NY,1780756,,,17378,0,23271,,,49,0,12/25/2021 02:11:33 PM,Not agree,Not agree
12/25/2021,NY,1780756,,,0,0,23271,,,0,0,12/27/2021 02:16:24 PM,Not agree,Not agree
12/26/2021,NY,1812090,,,31334,0,23314,,,43,0,12/27/2021 04:13:05 PM,Not agree,Not agree
12/27/2021,NY,1820459,,,8369,0,23404,,,90,0,12/28/2021 05:00:54 PM,Not agree,Not agree
12/28/2021,NY,1833465,,,13006,0,23446,,,42,0,12/29/2021 02:30:55 PM,Not agree,Not agree
12/29/2021,NY,1860964,,,27499,0,23516,,,70,0,12/30/2021 02:41:22 PM,Not agree,Not agree
12/30/2021,NY,1891186,,,30222,0,23568,,,52,0,12/31/2021 02:32:16 PM,Not agree,Not agree
12/31/2021,NY,1924606,,,33420,0,23611,,,43,0,01/01/2022 02:12:51 PM,Not agree,Not agree
01/01/2022,NY,1960358,,,35752,0,23670,,,59,0,01/03/2022 01:55:55 PM,Not agree,Not agree
01/02/2022,NY,1987234,,,26876,0,23721,,,51,0,01/03/2022 03:18:16 PM,Not agree,Not agree
01/03/2022,NY,2009686,,,22452,0,23777,,,56,0,01/04/2022 02:43:16 PM,Not agree,Not agree
01/04/2022,NY,2032108,,,22422,0,23825,,,48,0,01/05/2022 04:16:33 PM,Not agree,Not agree
01/05/2022,NY,2067290,,,35182,0,23880,,,55,0,01/06/2022 02:32:45 PM,Not agree,Not agree
01/06/2022,NY,2105334,,,38044,0,23948,,,68,0,01/07/2022 03:48:33 PM,Not agree,Not agree
01/07/2022,NY,2143150,,,37816,0,24034,,,86,0,01/08/2022 02:31:47 PM,Not agree,Not agree
01/08/2022,NY,2185691,,,42541,0,24120,,,86,0,01/10/2022 01:58:15 PM,Not agree,Not agree
01/09/2022,NY,2222827,,,37136,0,24200,,,80,0,01/10/2022 03:08:19 PM,Not agree,Not agree
01/10/2022,NY,2245340,,,22513,0,24256,,,56,0,01/11/2022 02:42:53 PM,Not agree,Not agree
01/11/2022,NY,2266118,,,20778,0,24339,,,83,0,01/12/2022 03:21:08 PM,Not agree,Not agree
01/12/2022,NY,2293705,,,27587,0,24414,,,75,0,01/13/2022 02:34:51 PM,Not agree,Not agree
01/13/2022,NY,2322549,,,28844,0,24502,,,88,0,01/14/2022 02:51:43 PM,Not agree,Not agree
01/14/2022,NY,2350136,,,27587,0,24590,,,88,0,01/15/2022 02:59:30 PM,Not agree,Not agree
01/15/2022,NY,2374952,,,24816,0,24684,,,94,0,01/17/2022 02:19:13 PM,Not agree,Not agree
01/16/2022,NY,2397668,,,22716,0,24750,,,66,0,01/17/2022 03:24:48 PM,Not agree,Not agree
01/17/2022,NY,2410629,,,12961,0,24824,,,74,0,01/18/2022 02:47:30 PM,Not agree,Not agree
01/18/2022,NY,2422053,,,11424,0,24910,,,86,0,01/19/2022 03:44:00 PM,Not agree,Not agree
01/19/2022,NY,2434127,,,12074,0,24995,,,85,0,01/20/2022 03:22:04 PM,Not agree,Not agree
01/20/2022,NY,2451284,,,17157,0,25091,,,96,0,01/21/2022 02:36:23 PM,Not agree,Not agree
01/21/2022,NY,2467305,,,16021,0,25179,,,88,0,01/22/2022 02:22:36 PM,Not agree,Not agree
01/22/2022,NY,2481526,,,14221,0,25268,,,89,0,01/24/2022 02:28:34 PM,Not agree,Not agree
01/23/2022,NY,2492151,,,10625,0,25334,,,66,0,01/24/2022 03:59:16 PM,Not agree,Not agree
01/24/2022,NY,2499378,,,7227,0,25416,,,82,0,01/25/2022 02:33:43 PM,Not agree,Not agree
01/25/2022,NY,2507445,,,8067,0,25507,,,91,0,01/26/2022 03:12:02 PM,Not agree,Not agree
01/26/2022,NY,2517579,,,10134,0,25587,,,80,0,01/27/2022 02:52:03 PM,Not agree,Not agree
01/27/2022,NY,2528492,,,10913,0,25663,,,76,0,01/28/2022 02:17:23 PM,Not agree,Not agree
01/28/2022,NY,2537050,,,8558,0,25748,,,85,0,01/29/2022 02:30:49 PM,Not agree,Not agree
01/29/2022,NY,2544982,,,7932,0,25819,,,71,0,01/31/2022 03:12:12 PM,Not agree,Not agree
01/30/2022,NY,2550713,,,5731,0,25882,,,63,0,01/31/2022 04:55:36 PM,Not agree,Not agree
01/31/2022,NY,2554383,,,3670,0,25927,,,45,0,02/01/2022 02:22:23 PM,Not agree,Not agree
